"date","year","month","co2_ppm","decade"
1958-03-01,1958,3,315.7,"1950's"
1958-04-01,1958,4,317.45,"1950's"
1958-05-01,1958,5,317.51,"1950's"
1958-06-01,1958,6,317.24,"1950's"
1958-07-01,1958,7,315.86,"1950's"
1958-08-01,1958,8,314.93,"1950's"
1958-09-01,1958,9,313.2,"1950's"
1958-10-01,1958,10,312.43,"1950's"
1958-11-01,1958,11,313.33,"1950's"
1958-12-01,1958,12,314.67,"1950's"
1959-01-01,1959,1,315.58,"1950's"
1959-02-01,1959,2,316.48,"1950's"
1959-03-01,1959,3,316.65,"1950's"
1959-04-01,1959,4,317.72,"1950's"
1959-05-01,1959,5,318.29,"1950's"
1959-06-01,1959,6,318.15,"1950's"
1959-07-01,1959,7,316.54,"1950's"
1959-08-01,1959,8,314.8,"1950's"
1959-09-01,1959,9,313.84,"1950's"
1959-10-01,1959,10,313.33,"1950's"
1959-11-01,1959,11,314.81,"1950's"
1959-12-01,1959,12,315.58,"1950's"
1960-01-01,1960,1,316.43,"1960's"
1960-02-01,1960,2,316.98,"1960's"
1960-03-01,1960,3,317.58,"1960's"
1960-04-01,1960,4,319.03,"1960's"
1960-05-01,1960,5,320.04,"1960's"
1960-06-01,1960,6,319.59,"1960's"
1960-07-01,1960,7,318.18,"1960's"
1960-08-01,1960,8,315.9,"1960's"
1960-09-01,1960,9,314.17,"1960's"
1960-10-01,1960,10,313.83,"1960's"
1960-11-01,1960,11,315,"1960's"
1960-12-01,1960,12,316.19,"1960's"
1961-01-01,1961,1,316.89,"1960's"
1961-02-01,1961,2,317.7,"1960's"
1961-03-01,1961,3,318.54,"1960's"
1961-04-01,1961,4,319.48,"1960's"
1961-05-01,1961,5,320.58,"1960's"
1961-06-01,1961,6,319.77,"1960's"
1961-07-01,1961,7,318.57,"1960's"
1961-08-01,1961,8,316.79,"1960's"
1961-09-01,1961,9,314.99,"1960's"
1961-10-01,1961,10,315.31,"1960's"
1961-11-01,1961,11,316.1,"1960's"
1961-12-01,1961,12,317.01,"1960's"
1962-01-01,1962,1,317.94,"1960's"
1962-02-01,1962,2,318.55,"1960's"
1962-03-01,1962,3,319.68,"1960's"
1962-04-01,1962,4,320.57,"1960's"
1962-05-01,1962,5,321.02,"1960's"
1962-06-01,1962,6,320.62,"1960's"
1962-07-01,1962,7,319.61,"1960's"
1962-08-01,1962,8,317.4,"1960's"
1962-09-01,1962,9,316.25,"1960's"
1962-10-01,1962,10,315.42,"1960's"
1962-11-01,1962,11,316.69,"1960's"
1962-12-01,1962,12,317.7,"1960's"
1963-01-01,1963,1,318.74,"1960's"
1963-02-01,1963,2,319.07,"1960's"
1963-03-01,1963,3,319.86,"1960's"
1963-04-01,1963,4,321.38,"1960's"
1963-05-01,1963,5,322.25,"1960's"
1963-06-01,1963,6,321.48,"1960's"
1963-07-01,1963,7,319.74,"1960's"
1963-08-01,1963,8,317.77,"1960's"
1963-09-01,1963,9,316.21,"1960's"
1963-10-01,1963,10,315.99,"1960's"
1963-11-01,1963,11,317.07,"1960's"
1963-12-01,1963,12,318.35,"1960's"
1964-01-01,1964,1,319.57,"1960's"
1964-02-01,1964,2,320.01,"1960's"
1964-03-01,1964,3,320.74,"1960's"
1964-04-01,1964,4,321.84,"1960's"
1964-05-01,1964,5,322.26,"1960's"
1964-06-01,1964,6,321.89,"1960's"
1964-07-01,1964,7,320.44,"1960's"
1964-08-01,1964,8,318.69,"1960's"
1964-09-01,1964,9,316.7,"1960's"
1964-10-01,1964,10,316.87,"1960's"
1964-11-01,1964,11,317.68,"1960's"
1964-12-01,1964,12,318.71,"1960's"
1965-01-01,1965,1,319.44,"1960's"
1965-02-01,1965,2,320.44,"1960's"
1965-03-01,1965,3,320.89,"1960's"
1965-04-01,1965,4,322.14,"1960's"
1965-05-01,1965,5,322.17,"1960's"
1965-06-01,1965,6,321.87,"1960's"
1965-07-01,1965,7,321.21,"1960's"
1965-08-01,1965,8,318.87,"1960's"
1965-09-01,1965,9,317.81,"1960's"
1965-10-01,1965,10,317.3,"1960's"
1965-11-01,1965,11,318.87,"1960's"
1965-12-01,1965,12,319.42,"1960's"
1966-01-01,1966,1,320.62,"1960's"
1966-02-01,1966,2,321.6,"1960's"
1966-03-01,1966,3,322.39,"1960's"
1966-04-01,1966,4,323.7,"1960's"
1966-05-01,1966,5,324.08,"1960's"
1966-06-01,1966,6,323.75,"1960's"
1966-07-01,1966,7,322.38,"1960's"
1966-08-01,1966,8,320.36,"1960's"
1966-09-01,1966,9,318.64,"1960's"
1966-10-01,1966,10,318.1,"1960's"
1966-11-01,1966,11,319.78,"1960's"
1966-12-01,1966,12,321.03,"1960's"
1967-01-01,1967,1,322.33,"1960's"
1967-02-01,1967,2,322.5,"1960's"
1967-03-01,1967,3,323.04,"1960's"
1967-04-01,1967,4,324.42,"1960's"
1967-05-01,1967,5,325,"1960's"
1967-06-01,1967,6,324.09,"1960's"
1967-07-01,1967,7,322.54,"1960's"
1967-08-01,1967,8,320.92,"1960's"
1967-09-01,1967,9,319.25,"1960's"
1967-10-01,1967,10,319.39,"1960's"
1967-11-01,1967,11,320.73,"1960's"
1967-12-01,1967,12,321.96,"1960's"
1968-01-01,1968,1,322.57,"1960's"
1968-02-01,1968,2,323.15,"1960's"
1968-03-01,1968,3,323.89,"1960's"
1968-04-01,1968,4,325.02,"1960's"
1968-05-01,1968,5,325.57,"1960's"
1968-06-01,1968,6,325.36,"1960's"
1968-07-01,1968,7,324.14,"1960's"
1968-08-01,1968,8,322.11,"1960's"
1968-09-01,1968,9,320.33,"1960's"
1968-10-01,1968,10,320.25,"1960's"
1968-11-01,1968,11,321.32,"1960's"
1968-12-01,1968,12,322.89,"1960's"
1969-01-01,1969,1,324,"1960's"
1969-02-01,1969,2,324.42,"1960's"
1969-03-01,1969,3,325.63,"1960's"
1969-04-01,1969,4,326.66,"1960's"
1969-05-01,1969,5,327.38,"1960's"
1969-06-01,1969,6,326.71,"1960's"
1969-07-01,1969,7,325.88,"1960's"
1969-08-01,1969,8,323.66,"1960's"
1969-09-01,1969,9,322.38,"1960's"
1969-10-01,1969,10,321.78,"1960's"
1969-11-01,1969,11,322.86,"1960's"
1969-12-01,1969,12,324.12,"1960's"
1970-01-01,1970,1,325.06,"1970's"
1970-02-01,1970,2,325.98,"1970's"
1970-03-01,1970,3,326.93,"1970's"
1970-04-01,1970,4,328.13,"1970's"
1970-05-01,1970,5,328.08,"1970's"
1970-06-01,1970,6,327.67,"1970's"
1970-07-01,1970,7,326.34,"1970's"
1970-08-01,1970,8,324.69,"1970's"
1970-09-01,1970,9,323.1,"1970's"
1970-10-01,1970,10,323.06,"1970's"
1970-11-01,1970,11,324.01,"1970's"
1970-12-01,1970,12,325.13,"1970's"
1971-01-01,1971,1,326.17,"1970's"
1971-02-01,1971,2,326.68,"1970's"
1971-03-01,1971,3,327.17,"1970's"
1971-04-01,1971,4,327.79,"1970's"
1971-05-01,1971,5,328.93,"1970's"
1971-06-01,1971,6,328.57,"1970's"
1971-07-01,1971,7,327.36,"1970's"
1971-08-01,1971,8,325.43,"1970's"
1971-09-01,1971,9,323.36,"1970's"
1971-10-01,1971,10,323.56,"1970's"
1971-11-01,1971,11,324.8,"1970's"
1971-12-01,1971,12,326.01,"1970's"
1972-01-01,1972,1,326.77,"1970's"
1972-02-01,1972,2,327.63,"1970's"
1972-03-01,1972,3,327.75,"1970's"
1972-04-01,1972,4,329.72,"1970's"
1972-05-01,1972,5,330.07,"1970's"
1972-06-01,1972,6,329.09,"1970's"
1972-07-01,1972,7,328.04,"1970's"
1972-08-01,1972,8,326.32,"1970's"
1972-09-01,1972,9,324.84,"1970's"
1972-10-01,1972,10,325.2,"1970's"
1972-11-01,1972,11,326.5,"1970's"
1972-12-01,1972,12,327.55,"1970's"
1973-01-01,1973,1,328.55,"1970's"
1973-02-01,1973,2,329.56,"1970's"
1973-03-01,1973,3,330.3,"1970's"
1973-04-01,1973,4,331.5,"1970's"
1973-05-01,1973,5,332.48,"1970's"
1973-06-01,1973,6,332.07,"1970's"
1973-07-01,1973,7,330.87,"1970's"
1973-08-01,1973,8,329.31,"1970's"
1973-09-01,1973,9,327.51,"1970's"
1973-10-01,1973,10,327.18,"1970's"
1973-11-01,1973,11,328.16,"1970's"
1973-12-01,1973,12,328.64,"1970's"
1974-01-01,1974,1,329.35,"1970's"
1974-02-01,1974,2,330.71,"1970's"
1974-03-01,1974,3,331.48,"1970's"
1974-04-01,1974,4,332.65,"1970's"
1974-05-01,1974,5,333.19,"1970's"
1974-06-01,1974,6,332.2,"1970's"
1974-07-01,1974,7,331.07,"1970's"
1974-08-01,1974,8,329.15,"1970's"
1974-09-01,1974,9,327.33,"1970's"
1974-10-01,1974,10,327.28,"1970's"
1974-11-01,1974,11,328.31,"1970's"
1974-12-01,1974,12,329.58,"1970's"
1975-01-01,1975,1,330.73,"1970's"
1975-02-01,1975,2,331.46,"1970's"
1975-03-01,1975,3,331.94,"1970's"
1975-04-01,1975,4,333.11,"1970's"
1975-05-01,1975,5,333.95,"1970's"
1975-06-01,1975,6,333.42,"1970's"
1975-07-01,1975,7,331.97,"1970's"
1975-08-01,1975,8,329.95,"1970's"
1975-09-01,1975,9,328.5,"1970's"
1975-10-01,1975,10,328.36,"1970's"
1975-11-01,1975,11,329.38,"1970's"
1975-12-01,1975,12,330.62,"1970's"
1976-01-01,1976,1,331.56,"1970's"
1976-02-01,1976,2,332.74,"1970's"
1976-03-01,1976,3,333.36,"1970's"
1976-04-01,1976,4,334.74,"1970's"
1976-05-01,1976,5,334.72,"1970's"
1976-06-01,1976,6,333.98,"1970's"
1976-07-01,1976,7,333.08,"1970's"
1976-08-01,1976,8,330.68,"1970's"
1976-09-01,1976,9,328.96,"1970's"
1976-10-01,1976,10,328.72,"1970's"
1976-11-01,1976,11,330.16,"1970's"
1976-12-01,1976,12,331.62,"1970's"
1977-01-01,1977,1,332.68,"1970's"
1977-02-01,1977,2,333.17,"1970's"
1977-03-01,1977,3,334.96,"1970's"
1977-04-01,1977,4,336.14,"1970's"
1977-05-01,1977,5,336.93,"1970's"
1977-06-01,1977,6,336.17,"1970's"
1977-07-01,1977,7,334.88,"1970's"
1977-08-01,1977,8,332.56,"1970's"
1977-09-01,1977,9,331.29,"1970's"
1977-10-01,1977,10,331.28,"1970's"
1977-11-01,1977,11,332.46,"1970's"
1977-12-01,1977,12,333.6,"1970's"
1978-01-01,1978,1,334.94,"1970's"
1978-02-01,1978,2,335.26,"1970's"
1978-03-01,1978,3,336.66,"1970's"
1978-04-01,1978,4,337.69,"1970's"
1978-05-01,1978,5,338.02,"1970's"
1978-06-01,1978,6,338.01,"1970's"
1978-07-01,1978,7,336.5,"1970's"
1978-08-01,1978,8,334.42,"1970's"
1978-09-01,1978,9,332.36,"1970's"
1978-10-01,1978,10,332.45,"1970's"
1978-11-01,1978,11,333.76,"1970's"
1978-12-01,1978,12,334.91,"1970's"
1979-01-01,1979,1,336.14,"1970's"
1979-02-01,1979,2,336.69,"1970's"
1979-03-01,1979,3,338.27,"1970's"
1979-04-01,1979,4,338.82,"1970's"
1979-05-01,1979,5,339.24,"1970's"
1979-06-01,1979,6,339.26,"1970's"
1979-07-01,1979,7,337.54,"1970's"
1979-08-01,1979,8,335.72,"1970's"
1979-09-01,1979,9,333.97,"1970's"
1979-10-01,1979,10,334.24,"1970's"
1979-11-01,1979,11,335.32,"1970's"
1979-12-01,1979,12,336.82,"1970's"
1980-01-01,1980,1,337.9,"1980's"
1980-02-01,1980,2,338.34,"1980's"
1980-03-01,1980,3,340.07,"1980's"
1980-04-01,1980,4,340.93,"1980's"
1980-05-01,1980,5,341.45,"1980's"
1980-06-01,1980,6,341.36,"1980's"
1980-07-01,1980,7,339.45,"1980's"
1980-08-01,1980,8,337.67,"1980's"
1980-09-01,1980,9,336.25,"1980's"
1980-10-01,1980,10,336.14,"1980's"
1980-11-01,1980,11,337.3,"1980's"
1980-12-01,1980,12,338.29,"1980's"
1981-01-01,1981,1,339.29,"1980's"
1981-02-01,1981,2,340.55,"1980's"
1981-03-01,1981,3,341.63,"1980's"
1981-04-01,1981,4,342.6,"1980's"
1981-05-01,1981,5,343.04,"1980's"
1981-06-01,1981,6,342.54,"1980's"
1981-07-01,1981,7,340.82,"1980's"
1981-08-01,1981,8,338.48,"1980's"
1981-09-01,1981,9,336.95,"1980's"
1981-10-01,1981,10,337.05,"1980's"
1981-11-01,1981,11,338.57,"1980's"
1981-12-01,1981,12,339.91,"1980's"
1982-01-01,1982,1,340.93,"1980's"
1982-02-01,1982,2,341.76,"1980's"
1982-03-01,1982,3,342.78,"1980's"
1982-04-01,1982,4,343.96,"1980's"
1982-05-01,1982,5,344.77,"1980's"
1982-06-01,1982,6,343.88,"1980's"
1982-07-01,1982,7,342.42,"1980's"
1982-08-01,1982,8,340.24,"1980's"
1982-09-01,1982,9,338.38,"1980's"
1982-10-01,1982,10,338.41,"1980's"
1982-11-01,1982,11,339.44,"1980's"
1982-12-01,1982,12,340.78,"1980's"
1983-01-01,1983,1,341.57,"1980's"
1983-02-01,1983,2,342.79,"1980's"
1983-03-01,1983,3,343.37,"1980's"
1983-04-01,1983,4,345.4,"1980's"
1983-05-01,1983,5,346.14,"1980's"
1983-06-01,1983,6,345.76,"1980's"
1983-07-01,1983,7,344.32,"1980's"
1983-08-01,1983,8,342.5,"1980's"
1983-09-01,1983,9,340.46,"1980's"
1983-10-01,1983,10,340.53,"1980's"
1983-11-01,1983,11,341.79,"1980's"
1983-12-01,1983,12,343.2,"1980's"
1984-01-01,1984,1,344.21,"1980's"
1984-02-01,1984,2,344.92,"1980's"
1984-03-01,1984,3,345.68,"1980's"
1984-04-01,1984,4,347.14,"1980's"
1984-05-01,1984,5,347.77,"1980's"
1984-06-01,1984,6,347.16,"1980's"
1984-07-01,1984,7,345.79,"1980's"
1984-08-01,1984,8,343.74,"1980's"
1984-09-01,1984,9,341.59,"1980's"
1984-10-01,1984,10,341.86,"1980's"
1984-11-01,1984,11,343.31,"1980's"
1984-12-01,1984,12,345,"1980's"
1985-01-01,1985,1,345.48,"1980's"
1985-02-01,1985,2,346.41,"1980's"
1985-03-01,1985,3,347.91,"1980's"
1985-04-01,1985,4,348.66,"1980's"
1985-05-01,1985,5,349.28,"1980's"
1985-06-01,1985,6,348.65,"1980's"
1985-07-01,1985,7,346.9,"1980's"
1985-08-01,1985,8,345.26,"1980's"
1985-09-01,1985,9,343.47,"1980's"
1985-10-01,1985,10,343.35,"1980's"
1985-11-01,1985,11,344.73,"1980's"
1985-12-01,1985,12,346.12,"1980's"
1986-01-01,1986,1,346.78,"1980's"
1986-02-01,1986,2,347.48,"1980's"
1986-03-01,1986,3,348.25,"1980's"
1986-04-01,1986,4,349.86,"1980's"
1986-05-01,1986,5,350.52,"1980's"
1986-06-01,1986,6,349.98,"1980's"
1986-07-01,1986,7,348.25,"1980's"
1986-08-01,1986,8,346.17,"1980's"
1986-09-01,1986,9,345.48,"1980's"
1986-10-01,1986,10,344.82,"1980's"
1986-11-01,1986,11,346.22,"1980's"
1986-12-01,1986,12,347.49,"1980's"
1987-01-01,1987,1,348.73,"1980's"
1987-02-01,1987,2,348.92,"1980's"
1987-03-01,1987,3,349.81,"1980's"
1987-04-01,1987,4,351.4,"1980's"
1987-05-01,1987,5,352.15,"1980's"
1987-06-01,1987,6,351.59,"1980's"
1987-07-01,1987,7,350.21,"1980's"
1987-08-01,1987,8,348.2,"1980's"
1987-09-01,1987,9,346.66,"1980's"
1987-10-01,1987,10,346.72,"1980's"
1987-11-01,1987,11,348.08,"1980's"
1987-12-01,1987,12,349.28,"1980's"
1988-01-01,1988,1,350.51,"1980's"
1988-02-01,1988,2,351.7,"1980's"
1988-03-01,1988,3,352.5,"1980's"
1988-04-01,1988,4,353.67,"1980's"
1988-05-01,1988,5,354.35,"1980's"
1988-06-01,1988,6,353.88,"1980's"
1988-07-01,1988,7,352.8,"1980's"
1988-08-01,1988,8,350.49,"1980's"
1988-09-01,1988,9,348.97,"1980's"
1988-10-01,1988,10,349.37,"1980's"
1988-11-01,1988,11,350.43,"1980's"
1988-12-01,1988,12,351.62,"1980's"
1989-01-01,1989,1,353.07,"1980's"
1989-02-01,1989,2,353.43,"1980's"
1989-03-01,1989,3,354.08,"1980's"
1989-04-01,1989,4,355.72,"1980's"
1989-05-01,1989,5,355.95,"1980's"
1989-06-01,1989,6,355.44,"1980's"
1989-07-01,1989,7,354.05,"1980's"
1989-08-01,1989,8,351.84,"1980's"
1989-09-01,1989,9,350.09,"1980's"
1989-10-01,1989,10,350.33,"1980's"
1989-11-01,1989,11,351.55,"1980's"
1989-12-01,1989,12,352.91,"1980's"
1990-01-01,1990,1,353.86,"1990's"
1990-02-01,1990,2,355.1,"1990's"
1990-03-01,1990,3,355.75,"1990's"
1990-04-01,1990,4,356.38,"1990's"
1990-05-01,1990,5,357.38,"1990's"
1990-06-01,1990,6,356.39,"1990's"
1990-07-01,1990,7,354.89,"1990's"
1990-08-01,1990,8,353.07,"1990's"
1990-09-01,1990,9,351.38,"1990's"
1990-10-01,1990,10,351.69,"1990's"
1990-11-01,1990,11,353.14,"1990's"
1990-12-01,1990,12,354.41,"1990's"
1991-01-01,1991,1,354.93,"1990's"
1991-02-01,1991,2,355.82,"1990's"
1991-03-01,1991,3,357.33,"1990's"
1991-04-01,1991,4,358.77,"1990's"
1991-05-01,1991,5,359.23,"1990's"
1991-06-01,1991,6,358.23,"1990's"
1991-07-01,1991,7,356.3,"1990's"
1991-08-01,1991,8,353.97,"1990's"
1991-09-01,1991,9,352.34,"1990's"
1991-10-01,1991,10,352.43,"1990's"
1991-11-01,1991,11,353.89,"1990's"
1991-12-01,1991,12,355.21,"1990's"
1992-01-01,1992,1,356.34,"1990's"
1992-02-01,1992,2,357.21,"1990's"
1992-03-01,1992,3,357.97,"1990's"
1992-04-01,1992,4,359.22,"1990's"
1992-05-01,1992,5,359.71,"1990's"
1992-06-01,1992,6,359.43,"1990's"
1992-07-01,1992,7,357.15,"1990's"
1992-08-01,1992,8,354.98,"1990's"
1992-09-01,1992,9,353.01,"1990's"
1992-10-01,1992,10,353.41,"1990's"
1992-11-01,1992,11,354.42,"1990's"
1992-12-01,1992,12,355.68,"1990's"
1993-01-01,1993,1,357.1,"1990's"
1993-02-01,1993,2,357.42,"1990's"
1993-03-01,1993,3,358.59,"1990's"
1993-04-01,1993,4,359.39,"1990's"
1993-05-01,1993,5,360.3,"1990's"
1993-06-01,1993,6,359.64,"1990's"
1993-07-01,1993,7,357.46,"1990's"
1993-08-01,1993,8,355.76,"1990's"
1993-09-01,1993,9,354.14,"1990's"
1993-10-01,1993,10,354.23,"1990's"
1993-11-01,1993,11,355.53,"1990's"
1993-12-01,1993,12,357.03,"1990's"
1994-01-01,1994,1,358.36,"1990's"
1994-02-01,1994,2,359.04,"1990's"
1994-03-01,1994,3,360.11,"1990's"
1994-04-01,1994,4,361.36,"1990's"
1994-05-01,1994,5,361.78,"1990's"
1994-06-01,1994,6,360.94,"1990's"
1994-07-01,1994,7,359.51,"1990's"
1994-08-01,1994,8,357.59,"1990's"
1994-09-01,1994,9,355.86,"1990's"
1994-10-01,1994,10,356.21,"1990's"
1994-11-01,1994,11,357.65,"1990's"
1994-12-01,1994,12,359.1,"1990's"
1995-01-01,1995,1,360.04,"1990's"
1995-02-01,1995,2,361,"1990's"
1995-03-01,1995,3,361.98,"1990's"
1995-04-01,1995,4,363.44,"1990's"
1995-05-01,1995,5,363.83,"1990's"
1995-06-01,1995,6,363.33,"1990's"
1995-07-01,1995,7,361.78,"1990's"
1995-08-01,1995,8,359.33,"1990's"
1995-09-01,1995,9,358.32,"1990's"
1995-10-01,1995,10,358.14,"1990's"
1995-11-01,1995,11,359.61,"1990's"
1995-12-01,1995,12,360.82,"1990's"
1996-01-01,1996,1,362.2,"1990's"
1996-02-01,1996,2,363.36,"1990's"
1996-03-01,1996,3,364.28,"1990's"
1996-04-01,1996,4,364.69,"1990's"
1996-05-01,1996,5,365.25,"1990's"
1996-06-01,1996,6,365.06,"1990's"
1996-07-01,1996,7,363.69,"1990's"
1996-08-01,1996,8,361.55,"1990's"
1996-09-01,1996,9,359.69,"1990's"
1996-10-01,1996,10,359.72,"1990's"
1996-11-01,1996,11,361.04,"1990's"
1996-12-01,1996,12,362.39,"1990's"
1997-01-01,1997,1,363.24,"1990's"
1997-02-01,1997,2,364.21,"1990's"
1997-03-01,1997,3,364.65,"1990's"
1997-04-01,1997,4,366.49,"1990's"
1997-05-01,1997,5,366.77,"1990's"
1997-06-01,1997,6,365.73,"1990's"
1997-07-01,1997,7,364.46,"1990's"
1997-08-01,1997,8,362.4,"1990's"
1997-09-01,1997,9,360.44,"1990's"
1997-10-01,1997,10,360.98,"1990's"
1997-11-01,1997,11,362.65,"1990's"
1997-12-01,1997,12,364.51,"1990's"
1998-01-01,1998,1,365.39,"1990's"
1998-02-01,1998,2,366.1,"1990's"
1998-03-01,1998,3,367.36,"1990's"
1998-04-01,1998,4,368.79,"1990's"
1998-05-01,1998,5,369.56,"1990's"
1998-06-01,1998,6,369.13,"1990's"
1998-07-01,1998,7,367.98,"1990's"
1998-08-01,1998,8,366.1,"1990's"
1998-09-01,1998,9,364.16,"1990's"
1998-10-01,1998,10,364.54,"1990's"
1998-11-01,1998,11,365.67,"1990's"
1998-12-01,1998,12,367.3,"1990's"
1999-01-01,1999,1,368.35,"1990's"
1999-02-01,1999,2,369.28,"1990's"
1999-03-01,1999,3,369.84,"1990's"
1999-04-01,1999,4,371.15,"1990's"
1999-05-01,1999,5,371.12,"1990's"
1999-06-01,1999,6,370.46,"1990's"
1999-07-01,1999,7,369.61,"1990's"
1999-08-01,1999,8,367.06,"1990's"
1999-09-01,1999,9,364.95,"1990's"
1999-10-01,1999,10,365.52,"1990's"
1999-11-01,1999,11,366.88,"1990's"
1999-12-01,1999,12,368.26,"1990's"
2000-01-01,2000,1,369.45,"2000's"
2000-02-01,2000,2,369.71,"2000's"
2000-03-01,2000,3,370.75,"2000's"
2000-04-01,2000,4,371.98,"2000's"
2000-05-01,2000,5,371.74,"2000's"
2000-06-01,2000,6,371.87,"2000's"
2000-07-01,2000,7,370.02,"2000's"
2000-08-01,2000,8,368.27,"2000's"
2000-09-01,2000,9,367.15,"2000's"
2000-10-01,2000,10,367.18,"2000's"
2000-11-01,2000,11,368.53,"2000's"
2000-12-01,2000,12,369.83,"2000's"
2001-01-01,2001,1,370.76,"2000's"
2001-02-01,2001,2,371.69,"2000's"
2001-03-01,2001,3,372.63,"2000's"
2001-04-01,2001,4,373.55,"2000's"
2001-05-01,2001,5,374.03,"2000's"
2001-06-01,2001,6,373.4,"2000's"
2001-07-01,2001,7,371.68,"2000's"
2001-08-01,2001,8,369.78,"2000's"
2001-09-01,2001,9,368.34,"2000's"
2001-10-01,2001,10,368.61,"2000's"
2001-11-01,2001,11,369.94,"2000's"
2001-12-01,2001,12,371.42,"2000's"
2002-01-01,2002,1,372.7,"2000's"
2002-02-01,2002,2,373.37,"2000's"
2002-03-01,2002,3,374.3,"2000's"
2002-04-01,2002,4,375.19,"2000's"
2002-05-01,2002,5,375.93,"2000's"
2002-06-01,2002,6,375.69,"2000's"
2002-07-01,2002,7,374.16,"2000's"
2002-08-01,2002,8,372.03,"2000's"
2002-09-01,2002,9,370.92,"2000's"
2002-10-01,2002,10,370.73,"2000's"
2002-11-01,2002,11,372.43,"2000's"
2002-12-01,2002,12,373.98,"2000's"
2003-01-01,2003,1,375.07,"2000's"
2003-02-01,2003,2,375.82,"2000's"
2003-03-01,2003,3,376.64,"2000's"
2003-04-01,2003,4,377.92,"2000's"
2003-05-01,2003,5,378.78,"2000's"
2003-06-01,2003,6,378.46,"2000's"
2003-07-01,2003,7,376.88,"2000's"
2003-08-01,2003,8,374.57,"2000's"
2003-09-01,2003,9,373.34,"2000's"
2003-10-01,2003,10,373.31,"2000's"
2003-11-01,2003,11,374.84,"2000's"
2003-12-01,2003,12,376.17,"2000's"
2004-01-01,2004,1,377.17,"2000's"
2004-02-01,2004,2,378.05,"2000's"
2004-03-01,2004,3,379.06,"2000's"
2004-04-01,2004,4,380.54,"2000's"
2004-05-01,2004,5,380.8,"2000's"
2004-06-01,2004,6,379.87,"2000's"
2004-07-01,2004,7,377.65,"2000's"
2004-08-01,2004,8,376.17,"2000's"
2004-09-01,2004,9,374.43,"2000's"
2004-10-01,2004,10,374.63,"2000's"
2004-11-01,2004,11,376.33,"2000's"
2004-12-01,2004,12,377.68,"2000's"
2005-01-01,2005,1,378.63,"2000's"
2005-02-01,2005,2,379.91,"2000's"
2005-03-01,2005,3,380.95,"2000's"
2005-04-01,2005,4,382.48,"2000's"
2005-05-01,2005,5,382.64,"2000's"
2005-06-01,2005,6,382.4,"2000's"
2005-07-01,2005,7,380.93,"2000's"
2005-08-01,2005,8,378.93,"2000's"
2005-09-01,2005,9,376.89,"2000's"
2005-10-01,2005,10,377.19,"2000's"
2005-11-01,2005,11,378.54,"2000's"
2005-12-01,2005,12,380.31,"2000's"
2006-01-01,2006,1,381.58,"2000's"
2006-02-01,2006,2,382.4,"2000's"
2006-03-01,2006,3,382.86,"2000's"
2006-04-01,2006,4,384.8,"2000's"
2006-05-01,2006,5,385.22,"2000's"
2006-06-01,2006,6,384.24,"2000's"
2006-07-01,2006,7,382.65,"2000's"
2006-08-01,2006,8,380.6,"2000's"
2006-09-01,2006,9,379.04,"2000's"
2006-10-01,2006,10,379.33,"2000's"
2006-11-01,2006,11,380.35,"2000's"
2006-12-01,2006,12,382.02,"2000's"
2007-01-01,2007,1,383.1,"2000's"
2007-02-01,2007,2,384.12,"2000's"
2007-03-01,2007,3,384.81,"2000's"
2007-04-01,2007,4,386.73,"2000's"
2007-05-01,2007,5,386.78,"2000's"
2007-06-01,2007,6,386.33,"2000's"
2007-07-01,2007,7,384.73,"2000's"
2007-08-01,2007,8,382.24,"2000's"
2007-09-01,2007,9,381.2,"2000's"
2007-10-01,2007,10,381.37,"2000's"
2007-11-01,2007,11,382.7,"2000's"
2007-12-01,2007,12,384.19,"2000's"
2008-01-01,2008,1,385.78,"2000's"
2008-02-01,2008,2,386.06,"2000's"
2008-03-01,2008,3,386.28,"2000's"
2008-04-01,2008,4,387.33,"2000's"
2008-05-01,2008,5,388.78,"2000's"
2008-06-01,2008,6,387.99,"2000's"
2008-07-01,2008,7,386.61,"2000's"
2008-08-01,2008,8,384.32,"2000's"
2008-09-01,2008,9,383.41,"2000's"
2008-10-01,2008,10,383.21,"2000's"
2008-11-01,2008,11,384.41,"2000's"
2008-12-01,2008,12,385.79,"2000's"
2009-01-01,2009,1,387.17,"2000's"
2009-02-01,2009,2,387.7,"2000's"
2009-03-01,2009,3,389.04,"2000's"
2009-04-01,2009,4,389.76,"2000's"
2009-05-01,2009,5,390.36,"2000's"
2009-06-01,2009,6,389.7,"2000's"
2009-07-01,2009,7,388.25,"2000's"
2009-08-01,2009,8,386.29,"2000's"
2009-09-01,2009,9,384.95,"2000's"
2009-10-01,2009,10,384.64,"2000's"
2009-11-01,2009,11,386.23,"2000's"
2009-12-01,2009,12,387.63,"2000's"
2010-01-01,2010,1,388.91,"2010's"
2010-02-01,2010,2,390.41,"2010's"
2010-03-01,2010,3,391.37,"2010's"
2010-04-01,2010,4,392.67,"2010's"
2010-05-01,2010,5,393.21,"2010's"
2010-06-01,2010,6,392.38,"2010's"
2010-07-01,2010,7,390.41,"2010's"
2010-08-01,2010,8,388.54,"2010's"
2010-09-01,2010,9,387.03,"2010's"
2010-10-01,2010,10,387.43,"2010's"
2010-11-01,2010,11,388.87,"2010's"
2010-12-01,2010,12,389.99,"2010's"
2011-01-01,2011,1,391.5,"2010's"
2011-02-01,2011,2,392.05,"2010's"
2011-03-01,2011,3,392.8,"2010's"
2011-04-01,2011,4,393.44,"2010's"
2011-05-01,2011,5,394.41,"2010's"
2011-06-01,2011,6,393.95,"2010's"
2011-07-01,2011,7,392.72,"2010's"
2011-08-01,2011,8,390.33,"2010's"
2011-09-01,2011,9,389.28,"2010's"
2011-10-01,2011,10,389.19,"2010's"
2011-11-01,2011,11,390.48,"2010's"
2011-12-01,2011,12,392.06,"2010's"
2012-01-01,2012,1,393.31,"2010's"
2012-02-01,2012,2,394.04,"2010's"
2012-03-01,2012,3,394.59,"2010's"
2012-04-01,2012,4,396.38,"2010's"
2012-05-01,2012,5,396.93,"2010's"
2012-06-01,2012,6,395.91,"2010's"
2012-07-01,2012,7,394.56,"2010's"
2012-08-01,2012,8,392.59,"2010's"
2012-09-01,2012,9,391.32,"2010's"
2012-10-01,2012,10,391.27,"2010's"
2012-11-01,2012,11,393.2,"2010's"
2012-12-01,2012,12,394.57,"2010's"
2013-01-01,2013,1,395.78,"2010's"
2013-02-01,2013,2,397.03,"2010's"
2013-03-01,2013,3,397.66,"2010's"
2013-04-01,2013,4,398.64,"2010's"
2013-05-01,2013,5,400.02,"2010's"
2013-06-01,2013,6,398.81,"2010's"
2013-07-01,2013,7,397.51,"2010's"
2013-08-01,2013,8,395.39,"2010's"
2013-09-01,2013,9,393.72,"2010's"
2013-10-01,2013,10,393.9,"2010's"
2013-11-01,2013,11,395.36,"2010's"
2013-12-01,2013,12,397.03,"2010's"
2014-01-01,2014,1,398.04,"2010's"
2014-02-01,2014,2,398.27,"2010's"
2014-03-01,2014,3,399.91,"2010's"
2014-04-01,2014,4,401.51,"2010's"
2014-05-01,2014,5,401.96,"2010's"
2014-06-01,2014,6,401.43,"2010's"
2014-07-01,2014,7,399.38,"2010's"
2014-08-01,2014,8,397.32,"2010's"
2014-09-01,2014,9,395.64,"2010's"
2014-10-01,2014,10,396.29,"2010's"
2014-11-01,2014,11,397.55,"2010's"
2014-12-01,2014,12,399.15,"2010's"
2015-01-01,2015,1,400.18,"2010's"
2015-02-01,2015,2,400.55,"2010's"
2015-03-01,2015,3,401.74,"2010's"
2015-04-01,2015,4,403.35,"2010's"
2015-05-01,2015,5,404.15,"2010's"
2015-06-01,2015,6,402.97,"2010's"
2015-07-01,2015,7,401.46,"2010's"
2015-08-01,2015,8,399.11,"2010's"
2015-09-01,2015,9,397.82,"2010's"
2015-10-01,2015,10,398.49,"2010's"
2015-11-01,2015,11,400.27,"2010's"
2015-12-01,2015,12,402.06,"2010's"
2016-01-01,2016,1,402.73,"2010's"
2016-02-01,2016,2,404.25,"2010's"
2016-03-01,2016,3,405.06,"2010's"
2016-04-01,2016,4,407.6,"2010's"
2016-05-01,2016,5,407.9,"2010's"
2016-06-01,2016,6,406.99,"2010's"
2016-07-01,2016,7,404.59,"2010's"
2016-08-01,2016,8,402.45,"2010's"
2016-09-01,2016,9,401.23,"2010's"
2016-10-01,2016,10,401.79,"2010's"
2016-11-01,2016,11,403.72,"2010's"
2016-12-01,2016,12,404.64,"2010's"
2017-01-01,2017,1,406.36,"2010's"
2017-02-01,2017,2,406.66,"2010's"
2017-03-01,2017,3,407.53,"2010's"
2017-04-01,2017,4,409.22,"2010's"
2017-05-01,2017,5,409.89,"2010's"
2017-06-01,2017,6,409.08,"2010's"
2017-07-01,2017,7,407.33,"2010's"
2017-08-01,2017,8,405.32,"2010's"
2017-09-01,2017,9,403.57,"2010's"
2017-10-01,2017,10,403.82,"2010's"
2017-11-01,2017,11,405.31,"2010's"
2017-12-01,2017,12,407,"2010's"
2018-01-01,2018,1,408.15,"2010's"
2018-02-01,2018,2,408.52,"2010's"
2018-03-01,2018,3,409.59,"2010's"
2018-04-01,2018,4,410.45,"2010's"
2018-05-01,2018,5,411.44,"2010's"
2018-06-01,2018,6,410.99,"2010's"
2018-07-01,2018,7,408.9,"2010's"
2018-08-01,2018,8,407.16,"2010's"
2018-09-01,2018,9,405.71,"2010's"
2018-10-01,2018,10,406.19,"2010's"
2018-11-01,2018,11,408.21,"2010's"
2018-12-01,2018,12,409.27,"2010's"
2019-01-01,2019,1,411.03,"2010's"
2019-02-01,2019,2,411.96,"2010's"
2019-03-01,2019,3,412.18,"2010's"
2019-04-01,2019,4,413.54,"2010's"
2019-05-01,2019,5,414.86,"2010's"
2019-06-01,2019,6,414.16,"2010's"
2019-07-01,2019,7,411.97,"2010's"
2019-08-01,2019,8,410.18,"2010's"
2019-09-01,2019,9,408.76,"2010's"
2019-10-01,2019,10,408.75,"2010's"
2019-11-01,2019,11,410.48,"2010's"
2019-12-01,2019,12,411.98,"2010's"
2020-01-01,2020,1,413.61,"2020's"
2020-02-01,2020,2,414.34,"2020's"
2020-03-01,2020,3,414.74,"2020's"
2020-04-01,2020,4,416.45,"2020's"
2020-05-01,2020,5,417.31,"2020's"
2020-06-01,2020,6,416.6,"2020's"
2020-07-01,2020,7,414.62,"2020's"
2020-08-01,2020,8,412.78,"2020's"
2020-09-01,2020,9,411.52,"2020's"
2020-10-01,2020,10,411.51,"2020's"
2020-11-01,2020,11,413.12,"2020's"
2020-12-01,2020,12,414.26,"2020's"
2021-01-01,2021,1,415.52,"2020's"
2021-02-01,2021,2,416.75,"2020's"
2021-03-01,2021,3,417.64,"2020's"
2021-04-01,2021,4,419.05,"2020's"
2021-05-01,2021,5,419.13,"2020's"
2021-06-01,2021,6,418.94,"2020's"
2021-07-01,2021,7,416.96,"2020's"
2021-08-01,2021,8,414.47,"2020's"
2021-09-01,2021,9,413.3,"2020's"
2021-10-01,2021,10,413.93,"2020's"
2021-11-01,2021,11,415.01,"2020's"
2021-12-01,2021,12,416.71,"2020's"
2022-01-01,2022,1,418.19,"2020's"
