"","date","year","month","co2_ppm","trend","decade","year_of_decade","date_scale"
"1",1958-03-01,1958,3,315.7,314.43,"1950's",8,1966-03-01
"2",1958-04-01,1958,4,317.45,315.16,"1950's",8,1966-04-01
"3",1958-05-01,1958,5,317.51,314.71,"1950's",8,1966-05-01
"4",1958-06-01,1958,6,317.24,315.14,"1950's",8,1966-06-01
"5",1958-07-01,1958,7,315.86,315.18,"1950's",8,1966-07-01
"6",1958-08-01,1958,8,314.93,316.18,"1950's",8,1966-08-01
"7",1958-09-01,1958,9,313.2,316.08,"1950's",8,1966-09-01
"8",1958-10-01,1958,10,312.43,315.41,"1950's",8,1966-10-01
"9",1958-11-01,1958,11,313.33,315.2,"1950's",8,1966-11-01
"10",1958-12-01,1958,12,314.67,315.43,"1950's",8,1966-12-01
"11",1959-01-01,1959,1,315.58,315.55,"1950's",9,1967-01-01
"12",1959-02-01,1959,2,316.48,315.86,"1950's",9,1967-02-01
"13",1959-03-01,1959,3,316.65,315.38,"1950's",9,1967-03-01
"14",1959-04-01,1959,4,317.72,315.41,"1950's",9,1967-04-01
"15",1959-05-01,1959,5,318.29,315.49,"1950's",9,1967-05-01
"16",1959-06-01,1959,6,318.15,316.03,"1950's",9,1967-06-01
"17",1959-07-01,1959,7,316.54,315.86,"1950's",9,1967-07-01
"18",1959-08-01,1959,8,314.8,316.06,"1950's",9,1967-08-01
"19",1959-09-01,1959,9,313.84,316.73,"1950's",9,1967-09-01
"20",1959-10-01,1959,10,313.33,316.33,"1950's",9,1967-10-01
"21",1959-11-01,1959,11,314.81,316.68,"1950's",9,1967-11-01
"22",1959-12-01,1959,12,315.58,316.35,"1950's",9,1967-12-01
"23",1960-01-01,1960,1,316.43,316.4,"1960's",0,1958-01-01
"24",1960-02-01,1960,2,316.98,316.36,"1960's",0,1958-02-01
"25",1960-03-01,1960,3,317.58,316.28,"1960's",0,1958-03-01
"26",1960-04-01,1960,4,319.03,316.7,"1960's",0,1958-04-01
"27",1960-05-01,1960,5,320.04,317.22,"1960's",0,1958-05-01
"28",1960-06-01,1960,6,319.59,317.47,"1960's",0,1958-06-01
"29",1960-07-01,1960,7,318.18,317.52,"1960's",0,1958-07-01
"30",1960-08-01,1960,8,315.9,317.19,"1960's",0,1958-08-01
"31",1960-09-01,1960,9,314.17,317.08,"1960's",0,1958-09-01
"32",1960-10-01,1960,10,313.83,316.83,"1960's",0,1958-10-01
"33",1960-11-01,1960,11,315,316.88,"1960's",0,1958-11-01
"34",1960-12-01,1960,12,316.19,316.96,"1960's",0,1958-12-01
"35",1961-01-01,1961,1,316.89,316.86,"1960's",1,1959-01-01
"36",1961-02-01,1961,2,317.7,317.08,"1960's",1,1959-02-01
"37",1961-03-01,1961,3,318.54,317.26,"1960's",1,1959-03-01
"38",1961-04-01,1961,4,319.48,317.16,"1960's",1,1959-04-01
"39",1961-05-01,1961,5,320.58,317.76,"1960's",1,1959-05-01
"40",1961-06-01,1961,6,319.77,317.63,"1960's",1,1959-06-01
"41",1961-07-01,1961,7,318.57,317.88,"1960's",1,1959-07-01
"42",1961-08-01,1961,8,316.79,318.06,"1960's",1,1959-08-01
"43",1961-09-01,1961,9,314.99,317.9,"1960's",1,1959-09-01
"44",1961-10-01,1961,10,315.31,318.32,"1960's",1,1959-10-01
"45",1961-11-01,1961,11,316.1,317.99,"1960's",1,1959-11-01
"46",1961-12-01,1961,12,317.01,317.79,"1960's",1,1959-12-01
"47",1962-01-01,1962,1,317.94,317.91,"1960's",2,1960-01-01
"48",1962-02-01,1962,2,318.55,317.92,"1960's",2,1960-02-01
"49",1962-03-01,1962,3,319.68,318.39,"1960's",2,1960-03-01
"50",1962-04-01,1962,4,320.57,318.24,"1960's",2,1960-04-01
"51",1962-05-01,1962,5,321.02,318.18,"1960's",2,1960-05-01
"52",1962-06-01,1962,6,320.62,318.47,"1960's",2,1960-06-01
"53",1962-07-01,1962,7,319.61,318.92,"1960's",2,1960-07-01
"54",1962-08-01,1962,8,317.4,318.68,"1960's",2,1960-08-01
"55",1962-09-01,1962,9,316.25,319.17,"1960's",2,1960-09-01
"56",1962-10-01,1962,10,315.42,318.45,"1960's",2,1960-10-01
"57",1962-11-01,1962,11,316.69,318.58,"1960's",2,1960-11-01
"58",1962-12-01,1962,12,317.7,318.47,"1960's",2,1960-12-01
"59",1963-01-01,1963,1,318.74,318.7,"1960's",3,1961-01-01
"60",1963-02-01,1963,2,319.07,318.44,"1960's",3,1961-02-01
"61",1963-03-01,1963,3,319.86,318.57,"1960's",3,1961-03-01
"62",1963-04-01,1963,4,321.38,319.05,"1960's",3,1961-04-01
"63",1963-05-01,1963,5,322.25,319.4,"1960's",3,1961-05-01
"64",1963-06-01,1963,6,321.48,319.32,"1960's",3,1961-06-01
"65",1963-07-01,1963,7,319.74,319.05,"1960's",3,1961-07-01
"66",1963-08-01,1963,8,317.77,319.05,"1960's",3,1961-08-01
"67",1963-09-01,1963,9,316.21,319.14,"1960's",3,1961-09-01
"68",1963-10-01,1963,10,315.99,319.02,"1960's",3,1961-10-01
"69",1963-11-01,1963,11,317.07,318.97,"1960's",3,1961-11-01
"70",1963-12-01,1963,12,318.35,319.13,"1960's",3,1961-12-01
"71",1964-01-01,1964,1,319.57,319.54,"1960's",4,1962-01-01
"72",1964-02-01,1964,2,320.01,319.37,"1960's",4,1962-02-01
"73",1964-03-01,1964,3,320.74,319.41,"1960's",4,1962-03-01
"74",1964-04-01,1964,4,321.84,319.45,"1960's",4,1962-04-01
"75",1964-05-01,1964,5,322.26,319.4,"1960's",4,1962-05-01
"76",1964-06-01,1964,6,321.89,319.75,"1960's",4,1962-06-01
"77",1964-07-01,1964,7,320.44,319.77,"1960's",4,1962-07-01
"78",1964-08-01,1964,8,318.69,320,"1960's",4,1962-08-01
"79",1964-09-01,1964,9,316.7,319.66,"1960's",4,1962-09-01
"80",1964-10-01,1964,10,316.87,319.91,"1960's",4,1962-10-01
"81",1964-11-01,1964,11,317.68,319.58,"1960's",4,1962-11-01
"82",1964-12-01,1964,12,318.71,319.49,"1960's",4,1962-12-01
"83",1965-01-01,1965,1,319.44,319.4,"1960's",5,1963-01-01
"84",1965-02-01,1965,2,320.44,319.81,"1960's",5,1963-02-01
"85",1965-03-01,1965,3,320.89,319.59,"1960's",5,1963-03-01
"86",1965-04-01,1965,4,322.14,319.78,"1960's",5,1963-04-01
"87",1965-05-01,1965,5,322.17,319.3,"1960's",5,1963-05-01
"88",1965-06-01,1965,6,321.87,319.7,"1960's",5,1963-06-01
"89",1965-07-01,1965,7,321.21,320.51,"1960's",5,1963-07-01
"90",1965-08-01,1965,8,318.87,320.15,"1960's",5,1963-08-01
"91",1965-09-01,1965,9,317.81,320.77,"1960's",5,1963-09-01
"92",1965-10-01,1965,10,317.3,320.36,"1960's",5,1963-10-01
"93",1965-11-01,1965,11,318.87,320.78,"1960's",5,1963-11-01
"94",1965-12-01,1965,12,319.42,320.2,"1960's",5,1963-12-01
"95",1966-01-01,1966,1,320.62,320.59,"1960's",6,1964-01-01
"96",1966-02-01,1966,2,321.6,320.96,"1960's",6,1964-02-01
"97",1966-03-01,1966,3,322.39,321.08,"1960's",6,1964-03-01
"98",1966-04-01,1966,4,323.7,321.34,"1960's",6,1964-04-01
"99",1966-05-01,1966,5,324.08,321.2,"1960's",6,1964-05-01
"100",1966-06-01,1966,6,323.75,321.57,"1960's",6,1964-06-01
"101",1966-07-01,1966,7,322.38,321.68,"1960's",6,1964-07-01
"102",1966-08-01,1966,8,320.36,321.65,"1960's",6,1964-08-01
"103",1966-09-01,1966,9,318.64,321.6,"1960's",6,1964-09-01
"104",1966-10-01,1966,10,318.1,321.17,"1960's",6,1964-10-01
"105",1966-11-01,1966,11,319.78,321.7,"1960's",6,1964-11-01
"106",1966-12-01,1966,12,321.03,321.81,"1960's",6,1964-12-01
"107",1967-01-01,1967,1,322.33,322.29,"1960's",7,1965-01-01
"108",1967-02-01,1967,2,322.5,321.86,"1960's",7,1965-02-01
"109",1967-03-01,1967,3,323.04,321.73,"1960's",7,1965-03-01
"110",1967-04-01,1967,4,324.42,322.04,"1960's",7,1965-04-01
"111",1967-05-01,1967,5,325,322.12,"1960's",7,1965-05-01
"112",1967-06-01,1967,6,324.09,321.91,"1960's",7,1965-06-01
"113",1967-07-01,1967,7,322.54,321.84,"1960's",7,1965-07-01
"114",1967-08-01,1967,8,320.92,322.21,"1960's",7,1965-08-01
"115",1967-09-01,1967,9,319.25,322.23,"1960's",7,1965-09-01
"116",1967-10-01,1967,10,319.39,322.47,"1960's",7,1965-10-01
"117",1967-11-01,1967,11,320.73,322.65,"1960's",7,1965-11-01
"118",1967-12-01,1967,12,321.96,322.75,"1960's",7,1965-12-01
"119",1968-01-01,1968,1,322.57,322.54,"1960's",8,1966-01-01
"120",1968-02-01,1968,2,323.15,322.51,"1960's",8,1966-02-01
"121",1968-03-01,1968,3,323.89,322.55,"1960's",8,1966-03-01
"122",1968-04-01,1968,4,325.02,322.62,"1960's",8,1966-04-01
"123",1968-05-01,1968,5,325.57,322.68,"1960's",8,1966-05-01
"124",1968-06-01,1968,6,325.36,323.19,"1960's",8,1966-06-01
"125",1968-07-01,1968,7,324.14,323.46,"1960's",8,1966-07-01
"126",1968-08-01,1968,8,322.11,323.43,"1960's",8,1966-08-01
"127",1968-09-01,1968,9,320.33,323.32,"1960's",8,1966-09-01
"128",1968-10-01,1968,10,320.25,323.33,"1960's",8,1966-10-01
"129",1968-11-01,1968,11,321.32,323.25,"1960's",8,1966-11-01
"130",1968-12-01,1968,12,322.89,323.69,"1960's",8,1966-12-01
"131",1969-01-01,1969,1,324,323.97,"1960's",9,1967-01-01
"132",1969-02-01,1969,2,324.42,323.77,"1960's",9,1967-02-01
"133",1969-03-01,1969,3,325.63,324.31,"1960's",9,1967-03-01
"134",1969-04-01,1969,4,326.66,324.27,"1960's",9,1967-04-01
"135",1969-05-01,1969,5,327.38,324.48,"1960's",9,1967-05-01
"136",1969-06-01,1969,6,326.71,324.51,"1960's",9,1967-06-01
"137",1969-07-01,1969,7,325.88,325.17,"1960's",9,1967-07-01
"138",1969-08-01,1969,8,323.66,324.97,"1960's",9,1967-08-01
"139",1969-09-01,1969,9,322.38,325.37,"1960's",9,1967-09-01
"140",1969-10-01,1969,10,321.78,324.88,"1960's",9,1967-10-01
"141",1969-11-01,1969,11,322.86,324.79,"1960's",9,1967-11-01
"142",1969-12-01,1969,12,324.12,324.91,"1960's",9,1967-12-01
"143",1970-01-01,1970,1,325.06,325.03,"1970's",0,1958-01-01
"144",1970-02-01,1970,2,325.98,325.34,"1970's",0,1958-02-01
"145",1970-03-01,1970,3,326.93,325.61,"1970's",0,1958-03-01
"146",1970-04-01,1970,4,328.13,325.74,"1970's",0,1958-04-01
"147",1970-05-01,1970,5,328.08,325.16,"1970's",0,1958-05-01
"148",1970-06-01,1970,6,327.67,325.46,"1970's",0,1958-06-01
"149",1970-07-01,1970,7,326.34,325.63,"1970's",0,1958-07-01
"150",1970-08-01,1970,8,324.69,325.99,"1970's",0,1958-08-01
"151",1970-09-01,1970,9,323.1,326.1,"1970's",0,1958-09-01
"152",1970-10-01,1970,10,323.06,326.18,"1970's",0,1958-10-01
"153",1970-11-01,1970,11,324.01,325.95,"1970's",0,1958-11-01
"154",1970-12-01,1970,12,325.13,325.93,"1970's",0,1958-12-01
"155",1971-01-01,1971,1,326.17,326.14,"1970's",1,1959-01-01
"156",1971-02-01,1971,2,326.68,326.03,"1970's",1,1959-02-01
"157",1971-03-01,1971,3,327.17,325.85,"1970's",1,1959-03-01
"158",1971-04-01,1971,4,327.79,325.38,"1970's",1,1959-04-01
"159",1971-05-01,1971,5,328.93,326,"1970's",1,1959-05-01
"160",1971-06-01,1971,6,328.57,326.36,"1970's",1,1959-06-01
"161",1971-07-01,1971,7,327.36,326.65,"1970's",1,1959-07-01
"162",1971-08-01,1971,8,325.43,326.74,"1970's",1,1959-08-01
"163",1971-09-01,1971,9,323.36,326.37,"1970's",1,1959-09-01
"164",1971-10-01,1971,10,323.56,326.69,"1970's",1,1959-10-01
"165",1971-11-01,1971,11,324.8,326.75,"1970's",1,1959-11-01
"166",1971-12-01,1971,12,326.01,326.82,"1970's",1,1959-12-01
"167",1972-01-01,1972,1,326.77,326.73,"1970's",2,1960-01-01
"168",1972-02-01,1972,2,327.63,326.98,"1970's",2,1960-02-01
"169",1972-03-01,1972,3,327.75,326.39,"1970's",2,1960-03-01
"170",1972-04-01,1972,4,329.72,327.29,"1970's",2,1960-04-01
"171",1972-05-01,1972,5,330.07,327.14,"1970's",2,1960-05-01
"172",1972-06-01,1972,6,329.09,326.88,"1970's",2,1960-06-01
"173",1972-07-01,1972,7,328.04,327.36,"1970's",2,1960-07-01
"174",1972-08-01,1972,8,326.32,327.67,"1970's",2,1960-08-01
"175",1972-09-01,1972,9,324.84,327.87,"1970's",2,1960-09-01
"176",1972-10-01,1972,10,325.2,328.33,"1970's",2,1960-10-01
"177",1972-11-01,1972,11,326.5,328.45,"1970's",2,1960-11-01
"178",1972-12-01,1972,12,327.55,328.36,"1970's",2,1960-12-01
"179",1973-01-01,1973,1,328.55,328.51,"1970's",3,1961-01-01
"180",1973-02-01,1973,2,329.56,328.91,"1970's",3,1961-02-01
"181",1973-03-01,1973,3,330.3,328.96,"1970's",3,1961-03-01
"182",1973-04-01,1973,4,331.5,329.08,"1970's",3,1961-04-01
"183",1973-05-01,1973,5,332.48,329.54,"1970's",3,1961-05-01
"184",1973-06-01,1973,6,332.07,329.84,"1970's",3,1961-06-01
"185",1973-07-01,1973,7,330.87,330.15,"1970's",3,1961-07-01
"186",1973-08-01,1973,8,329.31,330.63,"1970's",3,1961-08-01
"187",1973-09-01,1973,9,327.51,330.55,"1970's",3,1961-09-01
"188",1973-10-01,1973,10,327.18,330.32,"1970's",3,1961-10-01
"189",1973-11-01,1973,11,328.16,330.13,"1970's",3,1961-11-01
"190",1973-12-01,1973,12,328.64,329.45,"1970's",3,1961-12-01
"191",1974-01-01,1974,1,329.35,329.32,"1970's",4,1962-01-01
"192",1974-02-01,1974,2,330.71,330.05,"1970's",4,1962-02-01
"193",1974-03-01,1974,3,331.48,330.14,"1970's",4,1962-03-01
"194",1974-04-01,1974,4,332.65,330.22,"1970's",4,1962-04-01
"195",1974-05-01,1974,5,333.19,330.22,"1970's",4,1962-05-01
"196",1974-06-01,1974,6,332.2,329.79,"1970's",4,1962-06-01
"197",1974-07-01,1974,7,331.07,330.21,"1970's",4,1962-07-01
"198",1974-08-01,1974,8,329.15,330.54,"1970's",4,1962-08-01
"199",1974-09-01,1974,9,327.33,330.44,"1970's",4,1962-09-01
"200",1974-10-01,1974,10,327.28,330.52,"1970's",4,1962-10-01
"201",1974-11-01,1974,11,328.31,330.5,"1970's",4,1962-11-01
"202",1974-12-01,1974,12,329.58,330.56,"1970's",4,1962-12-01
"203",1975-01-01,1975,1,330.73,330.84,"1970's",5,1963-01-01
"204",1975-02-01,1975,2,331.46,330.85,"1970's",5,1963-02-01
"205",1975-03-01,1975,3,331.94,330.37,"1970's",5,1963-03-01
"206",1975-04-01,1975,4,333.11,330.53,"1970's",5,1963-04-01
"207",1975-05-01,1975,5,333.95,330.97,"1970's",5,1963-05-01
"208",1975-06-01,1975,6,333.42,331.01,"1970's",5,1963-06-01
"209",1975-07-01,1975,7,331.97,331.11,"1970's",5,1963-07-01
"210",1975-08-01,1975,8,329.95,331.33,"1970's",5,1963-08-01
"211",1975-09-01,1975,9,328.5,331.6,"1970's",5,1963-09-01
"212",1975-10-01,1975,10,328.36,331.61,"1970's",5,1963-10-01
"213",1975-11-01,1975,11,329.38,331.57,"1970's",5,1963-11-01
"214",1975-12-01,1975,12,330.62,331.6,"1970's",5,1963-12-01
"215",1976-01-01,1976,1,331.56,331.67,"1970's",6,1964-01-01
"216",1976-02-01,1976,2,332.74,332.13,"1970's",6,1964-02-01
"217",1976-03-01,1976,3,333.36,331.79,"1970's",6,1964-03-01
"218",1976-04-01,1976,4,334.74,332.16,"1970's",6,1964-04-01
"219",1976-05-01,1976,5,334.72,331.75,"1970's",6,1964-05-01
"220",1976-06-01,1976,6,333.98,331.56,"1970's",6,1964-06-01
"221",1976-07-01,1976,7,333.08,332.22,"1970's",6,1964-07-01
"222",1976-08-01,1976,8,330.68,332.07,"1970's",6,1964-08-01
"223",1976-09-01,1976,9,328.96,332.07,"1970's",6,1964-09-01
"224",1976-10-01,1976,10,328.72,331.97,"1970's",6,1964-10-01
"225",1976-11-01,1976,11,330.16,332.35,"1970's",6,1964-11-01
"226",1976-12-01,1976,12,331.62,332.6,"1970's",6,1964-12-01
"227",1977-01-01,1977,1,332.68,332.77,"1970's",7,1965-01-01
"228",1977-02-01,1977,2,333.17,332.57,"1970's",7,1965-02-01
"229",1977-03-01,1977,3,334.96,333.4,"1970's",7,1965-03-01
"230",1977-04-01,1977,4,336.14,333.54,"1970's",7,1965-04-01
"231",1977-05-01,1977,5,336.93,333.99,"1970's",7,1965-05-01
"232",1977-06-01,1977,6,336.17,333.79,"1970's",7,1965-06-01
"233",1977-07-01,1977,7,334.88,334,"1970's",7,1965-07-01
"234",1977-08-01,1977,8,332.56,333.9,"1970's",7,1965-08-01
"235",1977-09-01,1977,9,331.29,334.36,"1970's",7,1965-09-01
"236",1977-10-01,1977,10,331.28,334.5,"1970's",7,1965-10-01
"237",1977-11-01,1977,11,332.46,334.69,"1970's",7,1965-11-01
"238",1977-12-01,1977,12,333.6,334.59,"1970's",7,1965-12-01
"239",1978-01-01,1978,1,334.94,335.01,"1970's",8,1966-01-01
"240",1978-02-01,1978,2,335.26,334.59,"1970's",8,1966-02-01
"241",1978-03-01,1978,3,336.66,335,"1970's",8,1966-03-01
"242",1978-04-01,1978,4,337.69,335.07,"1970's",8,1966-04-01
"243",1978-05-01,1978,5,338.02,335.07,"1970's",8,1966-05-01
"244",1978-06-01,1978,6,338.01,335.59,"1970's",8,1966-06-01
"245",1978-07-01,1978,7,336.5,335.65,"1970's",8,1966-07-01
"246",1978-08-01,1978,8,334.42,335.87,"1970's",8,1966-08-01
"247",1978-09-01,1978,9,332.36,335.51,"1970's",8,1966-09-01
"248",1978-10-01,1978,10,332.45,335.72,"1970's",8,1966-10-01
"249",1978-11-01,1978,11,333.76,335.99,"1970's",8,1966-11-01
"250",1978-12-01,1978,12,334.91,335.89,"1970's",8,1966-12-01
"251",1979-01-01,1979,1,336.14,336.22,"1970's",9,1967-01-01
"252",1979-02-01,1979,2,336.69,336,"1970's",9,1967-02-01
"253",1979-03-01,1979,3,338.27,336.56,"1970's",9,1967-03-01
"254",1979-04-01,1979,4,338.82,336.11,"1970's",9,1967-04-01
"255",1979-05-01,1979,5,339.24,336.24,"1970's",9,1967-05-01
"256",1979-06-01,1979,6,339.26,336.83,"1970's",9,1967-06-01
"257",1979-07-01,1979,7,337.54,336.69,"1970's",9,1967-07-01
"258",1979-08-01,1979,8,335.72,337.2,"1970's",9,1967-08-01
"259",1979-09-01,1979,9,333.97,337.19,"1970's",9,1967-09-01
"260",1979-10-01,1979,10,334.24,337.57,"1970's",9,1967-10-01
"261",1979-11-01,1979,11,335.32,337.59,"1970's",9,1967-11-01
"262",1979-12-01,1979,12,336.81,337.83,"1970's",9,1967-12-01
"263",1980-01-01,1980,1,337.9,338.13,"1980's",0,1958-01-01
"264",1980-02-01,1980,2,338.34,337.85,"1980's",0,1958-02-01
"265",1980-03-01,1980,3,340.07,338.51,"1980's",0,1958-03-01
"266",1980-04-01,1980,4,340.93,338.31,"1980's",0,1958-04-01
"267",1980-05-01,1980,5,341.45,338.4,"1980's",0,1958-05-01
"268",1980-06-01,1980,6,341.36,338.85,"1980's",0,1958-06-01
"269",1980-07-01,1980,7,339.45,338.56,"1980's",0,1958-07-01
"270",1980-08-01,1980,8,337.67,339.07,"1980's",0,1958-08-01
"271",1980-09-01,1980,9,336.25,339.38,"1980's",0,1958-09-01
"272",1980-10-01,1980,10,336.14,339.4,"1980's",0,1958-10-01
"273",1980-11-01,1980,11,337.3,339.46,"1980's",0,1958-11-01
"274",1980-12-01,1980,12,338.29,339.26,"1980's",0,1958-12-01
"275",1981-01-01,1981,1,339.29,339.42,"1980's",1,1959-01-01
"276",1981-02-01,1981,2,340.55,339.97,"1980's",1,1959-02-01
"277",1981-03-01,1981,3,341.63,340.09,"1980's",1,1959-03-01
"278",1981-04-01,1981,4,342.6,340,"1980's",1,1959-04-01
"279",1981-05-01,1981,5,343.04,339.98,"1980's",1,1959-05-01
"280",1981-06-01,1981,6,342.54,340.05,"1980's",1,1959-06-01
"281",1981-07-01,1981,7,340.82,339.92,"1980's",1,1959-07-01
"282",1981-08-01,1981,8,338.48,339.87,"1980's",1,1959-08-01
"283",1981-09-01,1981,9,336.95,340.16,"1980's",1,1959-09-01
"284",1981-10-01,1981,10,337.05,340.39,"1980's",1,1959-10-01
"285",1981-11-01,1981,11,338.57,340.74,"1980's",1,1959-11-01
"286",1981-12-01,1981,12,339.91,340.85,"1980's",1,1959-12-01
"287",1982-01-01,1982,1,340.93,341.09,"1980's",2,1960-01-01
"288",1982-02-01,1982,2,341.76,341.15,"1980's",2,1960-02-01
"289",1982-03-01,1982,3,342.78,341.18,"1980's",2,1960-03-01
"290",1982-04-01,1982,4,343.96,341.34,"1980's",2,1960-04-01
"291",1982-05-01,1982,5,344.77,341.68,"1980's",2,1960-05-01
"292",1982-06-01,1982,6,343.88,341.42,"1980's",2,1960-06-01
"293",1982-07-01,1982,7,342.42,341.61,"1980's",2,1960-07-01
"294",1982-08-01,1982,8,340.24,341.64,"1980's",2,1960-08-01
"295",1982-09-01,1982,9,338.38,341.56,"1980's",2,1960-09-01
"296",1982-10-01,1982,10,338.41,341.77,"1980's",2,1960-10-01
"297",1982-11-01,1982,11,339.44,341.58,"1980's",2,1960-11-01
"298",1982-12-01,1982,12,340.78,341.7,"1980's",2,1960-12-01
"299",1983-01-01,1983,1,341.57,341.75,"1980's",3,1961-01-01
"300",1983-02-01,1983,2,342.78,342.24,"1980's",3,1961-02-01
"301",1983-03-01,1983,3,343.37,341.86,"1980's",3,1961-03-01
"302",1983-04-01,1983,4,345.4,342.78,"1980's",3,1961-04-01
"303",1983-05-01,1983,5,346.14,342.97,"1980's",3,1961-05-01
"304",1983-06-01,1983,6,345.76,343.29,"1980's",3,1961-06-01
"305",1983-07-01,1983,7,344.32,343.56,"1980's",3,1961-07-01
"306",1983-08-01,1983,8,342.51,343.89,"1980's",3,1961-08-01
"307",1983-09-01,1983,9,340.46,343.59,"1980's",3,1961-09-01
"308",1983-10-01,1983,10,340.53,343.86,"1980's",3,1961-10-01
"309",1983-11-01,1983,11,341.79,343.92,"1980's",3,1961-11-01
"310",1983-12-01,1983,12,343.2,344.12,"1980's",3,1961-12-01
"311",1984-01-01,1984,1,344.21,344.32,"1980's",4,1962-01-01
"312",1984-02-01,1984,2,344.92,344.38,"1980's",4,1962-02-01
"313",1984-03-01,1984,3,345.68,344.26,"1980's",4,1962-03-01
"314",1984-04-01,1984,4,347.14,344.54,"1980's",4,1962-04-01
"315",1984-05-01,1984,5,347.78,344.59,"1980's",4,1962-05-01
"316",1984-06-01,1984,6,347.16,344.72,"1980's",4,1962-06-01
"317",1984-07-01,1984,7,345.79,345.02,"1980's",4,1962-07-01
"318",1984-08-01,1984,8,343.74,345.11,"1980's",4,1962-08-01
"319",1984-09-01,1984,9,341.59,344.75,"1980's",4,1962-09-01
"320",1984-10-01,1984,10,341.86,345.19,"1980's",4,1962-10-01
"321",1984-11-01,1984,11,343.31,345.4,"1980's",4,1962-11-01
"322",1984-12-01,1984,12,345,345.88,"1980's",4,1962-12-01
"323",1985-01-01,1985,1,345.48,345.59,"1980's",5,1963-01-01
"324",1985-02-01,1985,2,346.41,345.91,"1980's",5,1963-02-01
"325",1985-03-01,1985,3,347.91,346.57,"1980's",5,1963-03-01
"326",1985-04-01,1985,4,348.66,346.1,"1980's",5,1963-04-01
"327",1985-05-01,1985,5,349.28,346.13,"1980's",5,1963-05-01
"328",1985-06-01,1985,6,348.65,346.22,"1980's",5,1963-06-01
"329",1985-07-01,1985,7,346.9,346.08,"1980's",5,1963-07-01
"330",1985-08-01,1985,8,345.26,346.57,"1980's",5,1963-08-01
"331",1985-09-01,1985,9,343.47,346.58,"1980's",5,1963-09-01
"332",1985-10-01,1985,10,343.35,346.6,"1980's",5,1963-10-01
"333",1985-11-01,1985,11,344.73,346.82,"1980's",5,1963-11-01
"334",1985-12-01,1985,12,346.12,347.04,"1980's",5,1963-12-01
"335",1986-01-01,1986,1,346.78,346.82,"1980's",6,1964-01-01
"336",1986-02-01,1986,2,347.48,346.97,"1980's",6,1964-02-01
"337",1986-03-01,1986,3,348.25,346.94,"1980's",6,1964-03-01
"338",1986-04-01,1986,4,349.86,347.32,"1980's",6,1964-04-01
"339",1986-05-01,1986,5,350.52,347.42,"1980's",6,1964-05-01
"340",1986-06-01,1986,6,349.98,347.6,"1980's",6,1964-06-01
"341",1986-07-01,1986,7,348.25,347.43,"1980's",6,1964-07-01
"342",1986-08-01,1986,8,346.17,347.51,"1980's",6,1964-08-01
"343",1986-09-01,1986,9,345.48,348.61,"1980's",6,1964-09-01
"344",1986-10-01,1986,10,344.82,348.04,"1980's",6,1964-10-01
"345",1986-11-01,1986,11,346.22,348.28,"1980's",6,1964-11-01
"346",1986-12-01,1986,12,347.48,348.36,"1980's",6,1964-12-01
"347",1987-01-01,1987,1,348.73,348.66,"1980's",7,1965-01-01
"348",1987-02-01,1987,2,348.92,348.23,"1980's",7,1965-02-01
"349",1987-03-01,1987,3,349.81,348.39,"1980's",7,1965-03-01
"350",1987-04-01,1987,4,351.4,348.86,"1980's",7,1965-04-01
"351",1987-05-01,1987,5,352.15,349.09,"1980's",7,1965-05-01
"352",1987-06-01,1987,6,351.59,349.28,"1980's",7,1965-06-01
"353",1987-07-01,1987,7,350.21,349.51,"1980's",7,1965-07-01
"354",1987-08-01,1987,8,348.2,349.65,"1980's",7,1965-08-01
"355",1987-09-01,1987,9,346.66,349.85,"1980's",7,1965-09-01
"356",1987-10-01,1987,10,346.72,349.96,"1980's",7,1965-10-01
"357",1987-11-01,1987,11,348.08,350.14,"1980's",7,1965-11-01
"358",1987-12-01,1987,12,349.28,350.14,"1980's",7,1965-12-01
"359",1988-01-01,1988,1,350.51,350.49,"1980's",8,1966-01-01
"360",1988-02-01,1988,2,351.7,350.99,"1980's",8,1966-02-01
"361",1988-03-01,1988,3,352.5,350.99,"1980's",8,1966-03-01
"362",1988-04-01,1988,4,353.67,351.03,"1980's",8,1966-04-01
"363",1988-05-01,1988,5,354.35,351.22,"1980's",8,1966-05-01
"364",1988-06-01,1988,6,353.88,351.55,"1980's",8,1966-06-01
"365",1988-07-01,1988,7,352.8,352.15,"1980's",8,1966-07-01
"366",1988-08-01,1988,8,350.49,352.01,"1980's",8,1966-08-01
"367",1988-09-01,1988,9,348.97,352.18,"1980's",8,1966-09-01
"368",1988-10-01,1988,10,349.37,352.62,"1980's",8,1966-10-01
"369",1988-11-01,1988,11,350.42,352.53,"1980's",8,1966-11-01
"370",1988-12-01,1988,12,351.62,352.52,"1980's",8,1966-12-01
"371",1989-01-01,1989,1,353.07,352.99,"1980's",9,1967-01-01
"372",1989-02-01,1989,2,353.43,352.69,"1980's",9,1967-02-01
"373",1989-03-01,1989,3,354.08,352.6,"1980's",9,1967-03-01
"374",1989-04-01,1989,4,355.72,353.07,"1980's",9,1967-04-01
"375",1989-05-01,1989,5,355.95,352.78,"1980's",9,1967-05-01
"376",1989-06-01,1989,6,355.44,353.06,"1980's",9,1967-06-01
"377",1989-07-01,1989,7,354.05,353.38,"1980's",9,1967-07-01
"378",1989-08-01,1989,8,351.84,353.43,"1980's",9,1967-08-01
"379",1989-09-01,1989,9,350.09,353.37,"1980's",9,1967-09-01
"380",1989-10-01,1989,10,350.33,353.57,"1980's",9,1967-10-01
"381",1989-11-01,1989,11,351.55,353.68,"1980's",9,1967-11-01
"382",1989-12-01,1989,12,352.91,353.84,"1980's",9,1967-12-01
"383",1990-01-01,1990,1,353.86,353.78,"1990's",0,1958-01-01
"384",1990-02-01,1990,2,355.1,354.37,"1990's",0,1958-02-01
"385",1990-03-01,1990,3,355.75,354.26,"1990's",0,1958-03-01
"386",1990-04-01,1990,4,356.38,353.76,"1990's",0,1958-04-01
"387",1990-05-01,1990,5,357.38,354.23,"1990's",0,1958-05-01
"388",1990-06-01,1990,6,356.39,354.02,"1990's",0,1958-06-01
"389",1990-07-01,1990,7,354.89,354.24,"1990's",0,1958-07-01
"390",1990-08-01,1990,8,353.06,354.68,"1990's",0,1958-08-01
"391",1990-09-01,1990,9,351.38,354.69,"1990's",0,1958-09-01
"392",1990-10-01,1990,10,351.69,354.94,"1990's",0,1958-10-01
"393",1990-11-01,1990,11,353.14,355.18,"1990's",0,1958-11-01
"394",1990-12-01,1990,12,354.41,355.26,"1990's",0,1958-12-01
"395",1991-01-01,1991,1,354.93,354.91,"1990's",1,1959-01-01
"396",1991-02-01,1991,2,355.82,355.11,"1990's",1,1959-02-01
"397",1991-03-01,1991,3,357.33,355.79,"1990's",1,1959-03-01
"398",1991-04-01,1991,4,358.77,356.13,"1990's",1,1959-04-01
"399",1991-05-01,1991,5,359.23,356.1,"1990's",1,1959-05-01
"400",1991-06-01,1991,6,358.23,355.88,"1990's",1,1959-06-01
"401",1991-07-01,1991,7,356.3,355.69,"1990's",1,1959-07-01
"402",1991-08-01,1991,8,353.97,355.6,"1990's",1,1959-08-01
"403",1991-09-01,1991,9,352.34,355.66,"1990's",1,1959-09-01
"404",1991-10-01,1991,10,352.43,355.69,"1990's",1,1959-10-01
"405",1991-11-01,1991,11,353.89,355.87,"1990's",1,1959-11-01
"406",1991-12-01,1991,12,355.21,356.02,"1990's",1,1959-12-01
"407",1992-01-01,1992,1,356.34,356.29,"1990's",2,1960-01-01
"408",1992-02-01,1992,2,357.21,356.47,"1990's",2,1960-02-01
"409",1992-03-01,1992,3,357.97,356.38,"1990's",2,1960-03-01
"410",1992-04-01,1992,4,359.22,356.51,"1990's",2,1960-04-01
"411",1992-05-01,1992,5,359.71,356.52,"1990's",2,1960-05-01
"412",1992-06-01,1992,6,359.43,357.07,"1990's",2,1960-06-01
"413",1992-07-01,1992,7,357.15,356.58,"1990's",2,1960-07-01
"414",1992-08-01,1992,8,354.99,356.67,"1990's",2,1960-08-01
"415",1992-09-01,1992,9,353.01,356.36,"1990's",2,1960-09-01
"416",1992-10-01,1992,10,353.41,356.72,"1990's",2,1960-10-01
"417",1992-11-01,1992,11,354.42,356.48,"1990's",2,1960-11-01
"418",1992-12-01,1992,12,355.68,356.5,"1990's",2,1960-12-01
"419",1993-01-01,1993,1,357.1,357.06,"1990's",3,1961-01-01
"420",1993-02-01,1993,2,357.42,356.54,"1990's",3,1961-02-01
"421",1993-03-01,1993,3,358.59,356.88,"1990's",3,1961-03-01
"422",1993-04-01,1993,4,359.39,356.71,"1990's",3,1961-04-01
"423",1993-05-01,1993,5,360.3,357.14,"1990's",3,1961-05-01
"424",1993-06-01,1993,6,359.64,357.24,"1990's",3,1961-06-01
"425",1993-07-01,1993,7,357.46,356.87,"1990's",3,1961-07-01
"426",1993-08-01,1993,8,355.76,357.44,"1990's",3,1961-08-01
"427",1993-09-01,1993,9,354.14,357.51,"1990's",3,1961-09-01
"428",1993-10-01,1993,10,354.23,357.61,"1990's",3,1961-10-01
"429",1993-11-01,1993,11,355.53,357.65,"1990's",3,1961-11-01
"430",1993-12-01,1993,12,357.03,357.92,"1990's",3,1961-12-01
"431",1994-01-01,1994,1,358.36,358.25,"1990's",4,1962-01-01
"432",1994-02-01,1994,2,359.04,358.21,"1990's",4,1962-02-01
"433",1994-03-01,1994,3,360.11,358.41,"1990's",4,1962-03-01
"434",1994-04-01,1994,4,361.36,358.59,"1990's",4,1962-04-01
"435",1994-05-01,1994,5,361.78,358.59,"1990's",4,1962-05-01
"436",1994-06-01,1994,6,360.94,358.57,"1990's",4,1962-06-01
"437",1994-07-01,1994,7,359.51,358.91,"1990's",4,1962-07-01
"438",1994-08-01,1994,8,357.59,359.29,"1990's",4,1962-08-01
"439",1994-09-01,1994,9,355.86,359.31,"1990's",4,1962-09-01
"440",1994-10-01,1994,10,356.21,359.63,"1990's",4,1962-10-01
"441",1994-11-01,1994,11,357.65,359.8,"1990's",4,1962-11-01
"442",1994-12-01,1994,12,359.1,359.96,"1990's",4,1962-12-01
"443",1995-01-01,1995,1,360.04,359.91,"1990's",5,1963-01-01
"444",1995-02-01,1995,2,361,360.18,"1990's",5,1963-02-01
"445",1995-03-01,1995,3,361.98,360.37,"1990's",5,1963-03-01
"446",1995-04-01,1995,4,363.44,360.76,"1990's",5,1963-04-01
"447",1995-05-01,1995,5,363.83,360.73,"1990's",5,1963-05-01
"448",1995-06-01,1995,6,363.33,360.98,"1990's",5,1963-06-01
"449",1995-07-01,1995,7,361.78,361.1,"1990's",5,1963-07-01
"450",1995-08-01,1995,8,359.33,360.93,"1990's",5,1963-08-01
"451",1995-09-01,1995,9,358.32,361.7,"1990's",5,1963-09-01
"452",1995-10-01,1995,10,358.14,361.52,"1990's",5,1963-10-01
"453",1995-11-01,1995,11,359.61,361.75,"1990's",5,1963-11-01
"454",1995-12-01,1995,12,360.82,361.67,"1990's",5,1963-12-01
"455",1996-01-01,1996,1,362.2,361.98,"1990's",6,1964-01-01
"456",1996-02-01,1996,2,363.36,362.47,"1990's",6,1964-02-01
"457",1996-03-01,1996,3,364.28,362.65,"1990's",6,1964-03-01
"458",1996-04-01,1996,4,364.69,361.99,"1990's",6,1964-04-01
"459",1996-05-01,1996,5,365.25,362.23,"1990's",6,1964-05-01
"460",1996-06-01,1996,6,365.06,362.82,"1990's",6,1964-06-01
"461",1996-07-01,1996,7,363.69,362.98,"1990's",6,1964-07-01
"462",1996-08-01,1996,8,361.55,363.13,"1990's",6,1964-08-01
"463",1996-09-01,1996,9,359.69,363.14,"1990's",6,1964-09-01
"464",1996-10-01,1996,10,359.72,363.12,"1990's",6,1964-10-01
"465",1996-11-01,1996,11,361.04,363.18,"1990's",6,1964-11-01
"466",1996-12-01,1996,12,362.39,363.23,"1990's",6,1964-12-01
"467",1997-01-01,1997,1,363.24,363.03,"1990's",7,1965-01-01
"468",1997-02-01,1997,2,364.21,363.4,"1990's",7,1965-02-01
"469",1997-03-01,1997,3,364.65,363.02,"1990's",7,1965-03-01
"470",1997-04-01,1997,4,366.49,363.82,"1990's",7,1965-04-01
"471",1997-05-01,1997,5,366.77,363.87,"1990's",7,1965-05-01
"472",1997-06-01,1997,6,365.73,363.56,"1990's",7,1965-06-01
"473",1997-07-01,1997,7,364.46,363.74,"1990's",7,1965-07-01
"474",1997-08-01,1997,8,362.4,363.98,"1990's",7,1965-08-01
"475",1997-09-01,1997,9,360.44,363.83,"1990's",7,1965-09-01
"476",1997-10-01,1997,10,360.98,364.28,"1990's",7,1965-10-01
"477",1997-11-01,1997,11,362.65,364.71,"1990's",7,1965-11-01
"478",1997-12-01,1997,12,364.51,365.28,"1990's",7,1965-12-01
"479",1998-01-01,1998,1,365.39,365.19,"1990's",8,1966-01-01
"480",1998-02-01,1998,2,366.1,365.29,"1990's",8,1966-02-01
"481",1998-03-01,1998,3,367.36,365.73,"1990's",8,1966-03-01
"482",1998-04-01,1998,4,368.79,366.17,"1990's",8,1966-04-01
"483",1998-05-01,1998,5,369.56,366.68,"1990's",8,1966-05-01
"484",1998-06-01,1998,6,369.13,366.95,"1990's",8,1966-06-01
"485",1998-07-01,1998,7,367.98,367.29,"1990's",8,1966-07-01
"486",1998-08-01,1998,8,366.1,367.69,"1990's",8,1966-08-01
"487",1998-09-01,1998,9,364.16,367.51,"1990's",8,1966-09-01
"488",1998-10-01,1998,10,364.54,367.82,"1990's",8,1966-10-01
"489",1998-11-01,1998,11,365.67,367.7,"1990's",8,1966-11-01
"490",1998-12-01,1998,12,367.3,368.05,"1990's",8,1966-12-01
"491",1999-01-01,1999,1,368.35,368.13,"1990's",9,1967-01-01
"492",1999-02-01,1999,2,369.28,368.46,"1990's",9,1967-02-01
"493",1999-03-01,1999,3,369.84,368.24,"1990's",9,1967-03-01
"494",1999-04-01,1999,4,371.15,368.62,"1990's",9,1967-04-01
"495",1999-05-01,1999,5,371.12,368.31,"1990's",9,1967-05-01
"496",1999-06-01,1999,6,370.46,368.3,"1990's",9,1967-06-01
"497",1999-07-01,1999,7,369.61,368.93,"1990's",9,1967-07-01
"498",1999-08-01,1999,8,367.06,368.63,"1990's",9,1967-08-01
"499",1999-09-01,1999,9,364.95,368.28,"1990's",9,1967-09-01
"500",1999-10-01,1999,10,365.52,368.8,"1990's",9,1967-10-01
"501",1999-11-01,1999,11,366.88,368.86,"1990's",9,1967-11-01
"502",1999-12-01,1999,12,368.26,368.93,"1990's",9,1967-12-01
"503",2000-01-01,2000,1,369.45,369.24,"2000's",0,1958-01-01
"504",2000-02-01,2000,2,369.71,368.99,"2000's",0,1958-02-01
"505",2000-03-01,2000,3,370.75,369.24,"2000's",0,1958-03-01
"506",2000-04-01,2000,4,371.98,369.44,"2000's",0,1958-04-01
"507",2000-05-01,2000,5,371.75,368.87,"2000's",0,1958-05-01
"508",2000-06-01,2000,6,371.87,369.66,"2000's",0,1958-06-01
"509",2000-07-01,2000,7,370.02,369.36,"2000's",0,1958-07-01
"510",2000-08-01,2000,8,368.27,369.87,"2000's",0,1958-08-01
"511",2000-09-01,2000,9,367.15,370.46,"2000's",0,1958-09-01
"512",2000-10-01,2000,10,367.18,370.42,"2000's",0,1958-10-01
"513",2000-11-01,2000,11,368.53,370.48,"2000's",0,1958-11-01
"514",2000-12-01,2000,12,369.83,370.46,"2000's",0,1958-12-01
"515",2001-01-01,2001,1,370.76,370.6,"2000's",1,1959-01-01
"516",2001-02-01,2001,2,371.69,370.95,"2000's",1,1959-02-01
"517",2001-03-01,2001,3,372.63,371.06,"2000's",1,1959-03-01
"518",2001-04-01,2001,4,373.55,370.99,"2000's",1,1959-04-01
"519",2001-05-01,2001,5,374.03,371.11,"2000's",1,1959-05-01
"520",2001-06-01,2001,6,373.4,371.17,"2000's",1,1959-06-01
"521",2001-07-01,2001,7,371.68,371.08,"2000's",1,1959-07-01
"522",2001-08-01,2001,8,369.78,371.39,"2000's",1,1959-08-01
"523",2001-09-01,2001,9,368.34,371.61,"2000's",1,1959-09-01
"524",2001-10-01,2001,10,368.61,371.85,"2000's",1,1959-10-01
"525",2001-11-01,2001,11,369.94,371.92,"2000's",1,1959-11-01
"526",2001-12-01,2001,12,371.42,372.09,"2000's",1,1959-12-01
"527",2002-01-01,2002,1,372.7,372.48,"2000's",2,1960-01-01
"528",2002-02-01,2002,2,373.37,372.49,"2000's",2,1960-02-01
"529",2002-03-01,2002,3,374.3,372.61,"2000's",2,1960-03-01
"530",2002-04-01,2002,4,375.19,372.54,"2000's",2,1960-04-01
"531",2002-05-01,2002,5,375.93,372.98,"2000's",2,1960-05-01
"532",2002-06-01,2002,6,375.69,373.46,"2000's",2,1960-06-01
"533",2002-07-01,2002,7,374.16,373.58,"2000's",2,1960-07-01
"534",2002-08-01,2002,8,372.03,373.7,"2000's",2,1960-08-01
"535",2002-09-01,2002,9,370.92,374.29,"2000's",2,1960-09-01
"536",2002-10-01,2002,10,370.73,374.06,"2000's",2,1960-10-01
"537",2002-11-01,2002,11,372.43,374.52,"2000's",2,1960-11-01
"538",2002-12-01,2002,12,373.98,374.72,"2000's",2,1960-12-01
"539",2003-01-01,2003,1,375.07,374.82,"2000's",3,1961-01-01
"540",2003-02-01,2003,2,375.82,374.95,"2000's",3,1961-02-01
"541",2003-03-01,2003,3,376.64,374.99,"2000's",3,1961-03-01
"542",2003-04-01,2003,4,377.92,375.24,"2000's",3,1961-04-01
"543",2003-05-01,2003,5,378.78,375.73,"2000's",3,1961-05-01
"544",2003-06-01,2003,6,378.46,376.21,"2000's",3,1961-06-01
"545",2003-07-01,2003,7,376.88,376.37,"2000's",3,1961-07-01
"546",2003-08-01,2003,8,374.57,376.27,"2000's",3,1961-08-01
"547",2003-09-01,2003,9,373.34,376.65,"2000's",3,1961-09-01
"548",2003-10-01,2003,10,373.31,376.65,"2000's",3,1961-10-01
"549",2003-11-01,2003,11,374.84,376.99,"2000's",3,1961-11-01
"550",2003-12-01,2003,12,376.17,376.93,"2000's",3,1961-12-01
"551",2004-01-01,2004,1,377.17,376.96,"2000's",4,1962-01-01
"552",2004-02-01,2004,2,378.05,377.19,"2000's",4,1962-02-01
"553",2004-03-01,2004,3,379.05,377.4,"2000's",4,1962-03-01
"554",2004-04-01,2004,4,380.54,377.8,"2000's",4,1962-04-01
"555",2004-05-01,2004,5,380.8,377.66,"2000's",4,1962-05-01
"556",2004-06-01,2004,6,379.87,377.57,"2000's",4,1962-06-01
"557",2004-07-01,2004,7,377.65,377.12,"2000's",4,1962-07-01
"558",2004-08-01,2004,8,376.17,377.9,"2000's",4,1962-08-01
"559",2004-09-01,2004,9,374.43,377.8,"2000's",4,1962-09-01
"560",2004-10-01,2004,10,374.63,378,"2000's",4,1962-10-01
"561",2004-11-01,2004,11,376.33,378.49,"2000's",4,1962-11-01
"562",2004-12-01,2004,12,377.68,378.48,"2000's",4,1962-12-01
"563",2005-01-01,2005,1,378.63,378.37,"2000's",5,1963-01-01
"564",2005-02-01,2005,2,379.91,379.1,"2000's",5,1963-02-01
"565",2005-03-01,2005,3,380.95,379.45,"2000's",5,1963-03-01
"566",2005-04-01,2005,4,382.48,379.84,"2000's",5,1963-04-01
"567",2005-05-01,2005,5,382.64,379.49,"2000's",5,1963-05-01
"568",2005-06-01,2005,6,382.4,380.07,"2000's",5,1963-06-01
"569",2005-07-01,2005,7,380.93,380.38,"2000's",5,1963-07-01
"570",2005-08-01,2005,8,378.93,380.61,"2000's",5,1963-08-01
"571",2005-09-01,2005,9,376.89,380.2,"2000's",5,1963-09-01
"572",2005-10-01,2005,10,377.19,380.5,"2000's",5,1963-10-01
"573",2005-11-01,2005,11,378.54,380.69,"2000's",5,1963-11-01
"574",2005-12-01,2005,12,380.31,381.09,"2000's",5,1963-12-01
"575",2006-01-01,2006,1,381.58,381.33,"2000's",6,1964-01-01
"576",2006-02-01,2006,2,382.4,381.58,"2000's",6,1964-02-01
"577",2006-03-01,2006,3,382.86,381.32,"2000's",6,1964-03-01
"578",2006-04-01,2006,4,384.8,382.11,"2000's",6,1964-04-01
"579",2006-05-01,2006,5,385.22,382.06,"2000's",6,1964-05-01
"580",2006-06-01,2006,6,384.24,381.93,"2000's",6,1964-06-01
"581",2006-07-01,2006,7,382.65,382.1,"2000's",6,1964-07-01
"582",2006-08-01,2006,8,380.6,382.27,"2000's",6,1964-08-01
"583",2006-09-01,2006,9,379.04,382.35,"2000's",6,1964-09-01
"584",2006-10-01,2006,10,379.33,382.66,"2000's",6,1964-10-01
"585",2006-11-01,2006,11,380.35,382.52,"2000's",6,1964-11-01
"586",2006-12-01,2006,12,382.02,382.84,"2000's",6,1964-12-01
"587",2007-01-01,2007,1,383.1,382.88,"2000's",7,1965-01-01
"588",2007-02-01,2007,2,384.12,383.22,"2000's",7,1965-02-01
"589",2007-03-01,2007,3,384.81,383.17,"2000's",7,1965-03-01
"590",2007-04-01,2007,4,386.73,383.95,"2000's",7,1965-04-01
"591",2007-05-01,2007,5,386.78,383.56,"2000's",7,1965-05-01
"592",2007-06-01,2007,6,386.33,384.06,"2000's",7,1965-06-01
"593",2007-07-01,2007,7,384.73,384.25,"2000's",7,1965-07-01
"594",2007-08-01,2007,8,382.24,383.95,"2000's",7,1965-08-01
"595",2007-09-01,2007,9,381.2,384.56,"2000's",7,1965-09-01
"596",2007-10-01,2007,10,381.37,384.72,"2000's",7,1965-10-01
"597",2007-11-01,2007,11,382.7,384.9,"2000's",7,1965-11-01
"598",2007-12-01,2007,12,384.19,385.07,"2000's",7,1965-12-01
"599",2008-01-01,2008,1,385.78,385.54,"2000's",8,1966-01-01
"600",2008-02-01,2008,2,386.06,385.2,"2000's",8,1966-02-01
"601",2008-03-01,2008,3,386.28,384.72,"2000's",8,1966-03-01
"602",2008-04-01,2008,4,387.33,384.71,"2000's",8,1966-04-01
"603",2008-05-01,2008,5,388.78,385.69,"2000's",8,1966-05-01
"604",2008-06-01,2008,6,387.99,385.68,"2000's",8,1966-06-01
"605",2008-07-01,2008,7,386.61,386.04,"2000's",8,1966-07-01
"606",2008-08-01,2008,8,384.32,385.98,"2000's",8,1966-08-01
"607",2008-09-01,2008,9,383.41,386.68,"2000's",8,1966-09-01
"608",2008-10-01,2008,10,383.21,386.49,"2000's",8,1966-10-01
"609",2008-11-01,2008,11,384.41,386.59,"2000's",8,1966-11-01
"610",2008-12-01,2008,12,385.79,386.64,"2000's",8,1966-12-01
"611",2009-01-01,2009,1,387.17,386.86,"2000's",9,1967-01-01
"612",2009-02-01,2009,2,387.7,386.81,"2000's",9,1967-02-01
"613",2009-03-01,2009,3,389.04,387.54,"2000's",9,1967-03-01
"614",2009-04-01,2009,4,389.76,387.15,"2000's",9,1967-04-01
"615",2009-05-01,2009,5,390.36,387.24,"2000's",9,1967-05-01
"616",2009-06-01,2009,6,389.7,387.46,"2000's",9,1967-06-01
"617",2009-07-01,2009,7,388.25,387.77,"2000's",9,1967-07-01
"618",2009-08-01,2009,8,386.29,387.99,"2000's",9,1967-08-01
"619",2009-09-01,2009,9,384.95,388.22,"2000's",9,1967-09-01
"620",2009-10-01,2009,10,384.64,387.88,"2000's",9,1967-10-01
"621",2009-11-01,2009,11,386.23,388.36,"2000's",9,1967-11-01
"622",2009-12-01,2009,12,387.63,388.43,"2000's",9,1967-12-01
"623",2010-01-01,2010,1,388.91,388.62,"2010's",0,1958-01-01
"624",2010-02-01,2010,2,390.41,389.47,"2010's",0,1958-02-01
"625",2010-03-01,2010,3,391.37,389.85,"2010's",0,1958-03-01
"626",2010-04-01,2010,4,392.67,390.12,"2010's",0,1958-04-01
"627",2010-05-01,2010,5,393.21,390.09,"2010's",0,1958-05-01
"628",2010-06-01,2010,6,392.38,390.1,"2010's",0,1958-06-01
"629",2010-07-01,2010,7,390.41,389.93,"2010's",0,1958-07-01
"630",2010-08-01,2010,8,388.54,390.21,"2010's",0,1958-08-01
"631",2010-09-01,2010,9,387.03,390.32,"2010's",0,1958-09-01
"632",2010-10-01,2010,10,387.43,390.72,"2010's",0,1958-10-01
"633",2010-11-01,2010,11,388.87,390.99,"2010's",0,1958-11-01
"634",2010-12-01,2010,12,389.99,390.8,"2010's",0,1958-12-01
"635",2011-01-01,2011,1,391.5,391.2,"2010's",1,1959-01-01
"636",2011-02-01,2011,2,392.05,391.12,"2010's",1,1959-02-01
"637",2011-03-01,2011,3,392.8,391.28,"2010's",1,1959-03-01
"638",2011-04-01,2011,4,393.44,390.84,"2010's",1,1959-04-01
"639",2011-05-01,2011,5,394.41,391.24,"2010's",1,1959-05-01
"640",2011-06-01,2011,6,393.95,391.65,"2010's",1,1959-06-01
"641",2011-07-01,2011,7,392.72,392.24,"2010's",1,1959-07-01
"642",2011-08-01,2011,8,390.33,392.03,"2010's",1,1959-08-01
"643",2011-09-01,2011,9,389.28,392.6,"2010's",1,1959-09-01
"644",2011-10-01,2011,10,389.19,392.52,"2010's",1,1959-10-01
"645",2011-11-01,2011,11,390.48,392.63,"2010's",1,1959-11-01
"646",2011-12-01,2011,12,392.06,392.86,"2010's",1,1959-12-01
"647",2012-01-01,2012,1,393.31,393.08,"2010's",2,1960-01-01
"648",2012-02-01,2012,2,394.04,393.21,"2010's",2,1960-02-01
"649",2012-03-01,2012,3,394.59,393,"2010's",2,1960-03-01
"650",2012-04-01,2012,4,396.38,393.65,"2010's",2,1960-04-01
"651",2012-05-01,2012,5,396.93,393.73,"2010's",2,1960-05-01
"652",2012-06-01,2012,6,395.91,393.64,"2010's",2,1960-06-01
"653",2012-07-01,2012,7,394.56,394.12,"2010's",2,1960-07-01
"654",2012-08-01,2012,8,392.59,394.36,"2010's",2,1960-08-01
"655",2012-09-01,2012,9,391.32,394.74,"2010's",2,1960-09-01
"656",2012-10-01,2012,10,391.27,394.63,"2010's",2,1960-10-01
"657",2012-11-01,2012,11,393.2,395.24,"2010's",2,1960-11-01
"658",2012-12-01,2012,12,394.57,395.27,"2010's",2,1960-12-01
"659",2013-01-01,2013,1,395.78,395.63,"2010's",3,1961-01-01
"660",2013-02-01,2013,2,397.03,396.24,"2010's",3,1961-02-01
"661",2013-03-01,2013,3,397.66,396.08,"2010's",3,1961-03-01
"662",2013-04-01,2013,4,398.64,395.8,"2010's",3,1961-04-01
"663",2013-05-01,2013,5,400.02,396.65,"2010's",3,1961-05-01
"664",2013-06-01,2013,6,398.81,396.48,"2010's",3,1961-06-01
"665",2013-07-01,2013,7,397.51,397.12,"2010's",3,1961-07-01
"666",2013-08-01,2013,8,395.39,397.26,"2010's",3,1961-08-01
"667",2013-09-01,2013,9,393.72,397.24,"2010's",3,1961-09-01
"668",2013-10-01,2013,10,393.9,397.24,"2010's",3,1961-10-01
"669",2013-11-01,2013,11,395.36,397.34,"2010's",3,1961-11-01
"670",2013-12-01,2013,12,397.03,397.78,"2010's",3,1961-12-01
"671",2014-01-01,2014,1,398.04,397.74,"2010's",4,1962-01-01
"672",2014-02-01,2014,2,398.27,397.46,"2010's",4,1962-02-01
"673",2014-03-01,2014,3,399.91,398.38,"2010's",4,1962-03-01
"674",2014-04-01,2014,4,401.51,398.64,"2010's",4,1962-04-01
"675",2014-05-01,2014,5,401.96,398.57,"2010's",4,1962-05-01
"676",2014-06-01,2014,6,401.43,399.11,"2010's",4,1962-06-01
"677",2014-07-01,2014,7,399.38,398.95,"2010's",4,1962-07-01
"678",2014-08-01,2014,8,397.32,399.2,"2010's",4,1962-08-01
"679",2014-09-01,2014,9,395.64,399.2,"2010's",4,1962-09-01
"680",2014-10-01,2014,10,396.29,399.69,"2010's",4,1962-10-01
"681",2014-11-01,2014,11,397.55,399.62,"2010's",4,1962-11-01
"682",2014-12-01,2014,12,399.15,399.88,"2010's",4,1962-12-01
"683",2015-01-01,2015,1,400.18,399.92,"2010's",5,1963-01-01
"684",2015-02-01,2015,2,400.55,399.78,"2010's",5,1963-02-01
"685",2015-03-01,2015,3,401.74,400.23,"2010's",5,1963-03-01
"686",2015-04-01,2015,4,403.35,400.47,"2010's",5,1963-04-01
"687",2015-05-01,2015,5,404.15,400.71,"2010's",5,1963-05-01
"688",2015-06-01,2015,6,402.97,400.66,"2010's",5,1963-06-01
"689",2015-07-01,2015,7,401.46,401.1,"2010's",5,1963-07-01
"690",2015-08-01,2015,8,399.11,401.03,"2010's",5,1963-08-01
"691",2015-09-01,2015,9,397.82,401.43,"2010's",5,1963-09-01
"692",2015-10-01,2015,10,398.49,401.88,"2010's",5,1963-10-01
"693",2015-11-01,2015,11,400.27,402.22,"2010's",5,1963-11-01
"694",2015-12-01,2015,12,402.06,402.72,"2010's",5,1963-12-01
"695",2016-01-01,2016,1,402.73,402.46,"2010's",6,1964-01-01
"696",2016-02-01,2016,2,404.25,403.41,"2010's",6,1964-02-01
"697",2016-03-01,2016,3,405.06,403.55,"2010's",6,1964-03-01
"698",2016-04-01,2016,4,407.6,404.78,"2010's",6,1964-04-01
"699",2016-05-01,2016,5,407.9,404.42,"2010's",6,1964-05-01
"700",2016-06-01,2016,6,406.99,404.59,"2010's",6,1964-06-01
"701",2016-07-01,2016,7,404.59,404.23,"2010's",6,1964-07-01
"702",2016-08-01,2016,8,402.45,404.4,"2010's",6,1964-08-01
"703",2016-09-01,2016,9,401.23,404.85,"2010's",6,1964-09-01
"704",2016-10-01,2016,10,401.79,405.22,"2010's",6,1964-10-01
"705",2016-11-01,2016,11,403.72,405.73,"2010's",6,1964-11-01
"706",2016-12-01,2016,12,404.64,405.33,"2010's",6,1964-12-01
"707",2017-01-01,2017,1,406.36,406.05,"2010's",7,1965-01-01
"708",2017-02-01,2017,2,406.66,405.82,"2010's",7,1965-02-01
"709",2017-03-01,2017,3,407.53,406.06,"2010's",7,1965-03-01
"710",2017-04-01,2017,4,409.22,406.38,"2010's",7,1965-04-01
"711",2017-05-01,2017,5,409.89,406.38,"2010's",7,1965-05-01
"712",2017-06-01,2017,6,409.08,406.69,"2010's",7,1965-06-01
"713",2017-07-01,2017,7,407.33,407,"2010's",7,1965-07-01
"714",2017-08-01,2017,8,405.32,407.29,"2010's",7,1965-08-01
"715",2017-09-01,2017,9,403.57,407.16,"2010's",7,1965-09-01
"716",2017-10-01,2017,10,403.82,407.21,"2010's",7,1965-10-01
"717",2017-11-01,2017,11,405.31,407.34,"2010's",7,1965-11-01
"718",2017-12-01,2017,12,407,407.71,"2010's",7,1965-12-01
"719",2018-01-01,2018,1,408.15,407.84,"2010's",8,1966-01-01
"720",2018-02-01,2018,2,408.52,407.67,"2010's",8,1966-02-01
"721",2018-03-01,2018,3,409.59,408.04,"2010's",8,1966-03-01
"722",2018-04-01,2018,4,410.45,407.6,"2010's",8,1966-04-01
"723",2018-05-01,2018,5,411.44,407.99,"2010's",8,1966-05-01
"724",2018-06-01,2018,6,410.99,408.58,"2010's",8,1966-06-01
"725",2018-07-01,2018,7,408.9,408.56,"2010's",8,1966-07-01
"726",2018-08-01,2018,8,407.16,409.18,"2010's",8,1966-08-01
"727",2018-09-01,2018,9,405.71,409.31,"2010's",8,1966-09-01
"728",2018-10-01,2018,10,406.19,409.57,"2010's",8,1966-10-01
"729",2018-11-01,2018,11,408.21,410.26,"2010's",8,1966-11-01
"730",2018-12-01,2018,12,409.27,409.97,"2010's",8,1966-12-01
"731",2019-01-01,2019,1,411.03,410.72,"2010's",9,1967-01-01
"732",2019-02-01,2019,2,411.96,411.11,"2010's",9,1967-02-01
"733",2019-03-01,2019,3,412.18,410.63,"2010's",9,1967-03-01
"734",2019-04-01,2019,4,413.54,410.7,"2010's",9,1967-04-01
"735",2019-05-01,2019,5,414.86,411.41,"2010's",9,1967-05-01
"736",2019-06-01,2019,6,414.16,411.76,"2010's",9,1967-06-01
"737",2019-07-01,2019,7,411.97,411.63,"2010's",9,1967-07-01
"738",2019-08-01,2019,8,410.18,412.2,"2010's",9,1967-08-01
"739",2019-09-01,2019,9,408.76,412.36,"2010's",9,1967-09-01
"740",2019-10-01,2019,10,408.75,412.14,"2010's",9,1967-10-01
"741",2019-11-01,2019,11,410.48,412.53,"2010's",9,1967-11-01
"742",2019-12-01,2019,12,411.98,412.68,"2010's",9,1967-12-01
"743",2020-01-01,2020,1,413.61,413.29,"2020's",0,1958-01-01
"744",2020-02-01,2020,2,414.34,413.49,"2020's",0,1958-02-01
"745",2020-03-01,2020,3,414.74,413.19,"2020's",0,1958-03-01
"746",2020-04-01,2020,4,416.45,413.6,"2020's",0,1958-04-01
"747",2020-05-01,2020,5,417.31,413.86,"2020's",0,1958-05-01
"748",2020-06-01,2020,6,416.6,414.2,"2020's",0,1958-06-01
"749",2020-07-01,2020,7,414.62,414.28,"2020's",0,1958-07-01
"750",2020-08-01,2020,8,412.78,414.8,"2020's",0,1958-08-01
"751",2020-09-01,2020,9,411.52,415.12,"2020's",0,1958-09-01
"752",2020-10-01,2020,10,411.51,414.89,"2020's",0,1958-10-01
"753",2020-11-01,2020,11,413.12,415.17,"2020's",0,1958-11-01
"754",2020-12-01,2020,12,414.26,414.95,"2020's",0,1958-12-01
"755",2021-01-01,2021,1,415.52,415.2,"2020's",1,1959-01-01
"756",2021-02-01,2021,2,416.75,415.9,"2020's",1,1959-02-01
"757",2021-03-01,2021,3,417.64,416.1,"2020's",1,1959-03-01
"758",2021-04-01,2021,4,419.05,416.2,"2020's",1,1959-04-01
"759",2021-05-01,2021,5,419.13,415.67,"2020's",1,1959-05-01
"760",2021-06-01,2021,6,418.94,416.54,"2020's",1,1959-06-01
"761",2021-07-01,2021,7,416.96,416.62,"2020's",1,1959-07-01
"762",2021-08-01,2021,8,414.47,416.49,"2020's",1,1959-08-01
"763",2021-09-01,2021,9,413.3,416.9,"2020's",1,1959-09-01
"764",2021-10-01,2021,10,413.93,417.31,"2020's",1,1959-10-01
"765",2021-11-01,2021,11,415.01,417.06,"2020's",1,1959-11-01
"766",2021-12-01,2021,12,416.71,417.41,"2020's",1,1959-12-01
